Player,Team,Position,Salary
Dak Prescott,DAL,QB,60000000.0
Josh Allen,BUF,QB,55000000.0
Joe Burrow,CIN,QB,55000000.0
Trevor Lawrence,JAX,QB,55000000.0
Jordan Love,GB,QB,55000000.0
Tua Tagovailoa,MIA,QB,53100000.0
Jared Goff,DET,QB,53000000.0
Brock Purdy,SF,QB,53000000.0
Justin Herbert,LAC,QB,52500000.0
Lamar Jackson,BAL,QB,52000000.0
Jalen Hurts,PHI,QB,51000000.0
Micah Parsons,GB,ED/DE,46500000.0
Kyler Murray,ARI,QB,46100000.0
Deshaun Watson,CLE,QB,46000000.0
Kirk Cousins,ATL,QB,45000000.0
Aidan Hutchinson,DET,ED/DE,45000000.0
Patrick Mahomes,KC,QB,45000000.0
Matthew Stafford,LAR,QB,42000000.0
T.J. Watt,PIT,ED/OLB,41000000.0
Ja'Marr Chase,CIN,WR,40250000.0
Myles Garrett,CLE,ED/DE,40000000.0
Geno Smith,LV,QB,37500000.0
Danielle Hunter,HOU,ED/DE,35600000.0
Maxx Crosby,LV,ED/DE,35500000.0
Justin Jefferson,MIN,WR,35000000.0
Nick Bosa,SF,ED/DE,34000000.0
CeeDee Lamb,DAL,WR,34000000.0
Sam Darnold,SEA,QB,33500000.0
Baker Mayfield,TB,QB,33333333.0
D.K. Metcalf,PIT,WR,33000000.0
Garrett Wilson,NYJ,WR,32500000.0
Terry McLaurin,WAS,WR,32333333.0
A.J. Brown,PHI,WR,32000000.0
Chris Jones,KC,DL/DT,31750000.0
Ahmad Gardner,IND,CB,30100000.0
Amon-Ra St. Brown,DET,WR,30002500.0
Brandon Aiyuk,SF,WR,30000000.0
Tyreek Hill,MIA,WR,30000000.0
Derek Stingley Jr.,HOU,CB,30000000.0
Trey Hendrickson,CIN,ED/DE,29000000.0
Tee Higgins,CIN,WR,28750000.0
Rashawn Slater,LAC,LT,28500000.0
Joshua Hines-Allen,JAX,ED/DE,28250000.0
Jaylen Waddle,MIA,WR,28250000.0
Brian Burns,NYG,ED/OLB,28200000.0
Tristan Wirfs,TB,LT,28120000.0
Penei Sewell,DET,RT,28000000.0
Trent Williams,SF,LT/T,27553333.0
D.J. Moore,CHI,WR,27500000.0
Jameson Williams,DET,WR,26666667.0
Nik Bonitto,DEN,ED/OLB,26500000.0
Christian Darrisaw,MIN,LT,26000000.0
Milton Williams,NE,DL/DE,26000000.0
Zach Allen,DEN,DL/DE,25500000.0
Kyle Hamilton,BAL,S,25100000.0
Jaycee Horn,CAR,CB,25000000.0
Lane Johnson,PHI,RT/T,25000000.0
Bernhard Raimann,IND,LT,25000000.0
DeVonta Smith,PHI,WR,25000000.0
Laremy Tunsil,WAS,LT,25000000.0
Nnamdi Madubuike,BAL,DL/DE,24500000.0
Montez Sweat,CHI,ED/DE,24500000.0
Nico Collins,HOU,WR,24250000.0
Alim McNeill,DET,DL/DT,24250000.0
Derrick Brown,CAR,DL/DE,24000000.0
Rashan Gary,GB,ED/DE,24000000.0
Tyler Smith,DAL,G,24000000.0
Patrick Surtain II,DEN,CB,24000000.0
Quinnen Williams,DAL,DL/DT,24000000.0
Jeffery Simmons,TEN,DL/DT,23500000.0
Trey Smith,KC,G,23500000.0
Andrew Thomas,NYG,LT,23500000.0
Michael Pittman Jr.,IND,WR,23333333.0
DeForest Buckner,IND,DL/DT,23000000.0
Calvin Ridley,TEN,WR,23000000.0
Courtland Sutton,DEN,WR,23000000.0
Andrew Van Ginkel,MIN,ED/OLB,23000000.0
DaRon Bland,DAL,CB,22500000.0
Luke Goedeke,TB,RT,22500000.0
Jake Matthews,ATL,LT,22500000.0
Daron Payne,WAS,DL/DT,22500000.0
Davante Adams,LAR,WR,22000000.0
Chris Godwin,TB,WR,22000000.0
George Karlaftis,KC,ED/DE,22000000.0
Jordan Mailata,PHI,LT,22000000.0
Kolton Miller,LV,LT,22000000.0
Taylor Moton,CAR,RT,22000000.0
Zach Tom,GB,RT,22000000.0
Dexter Lawrence,NYG,DL/DT,21875000.0
Kerby Joseph,DET,S,21500000.0
Leonard Williams,SEA,DL/DE,21500000.0
Kenny Clark,DAL,DL/DT,21333333.0
Zach Sieler,MIA,DL/DT,21333333.0
Jalen Ramsey,PIT,CB,21175000.0
Stefon Diggs,NE,WR,21166667.0
Antoine Winfield Jr.,TB,S,21025000.0
Landon Dickerson,PHI,G,21000000.0
Fred Warner,SF,LB/ILB,21000000.0
Christian Barmore,NE,DL/DT,20750000.0
Saquon Barkley,PHI,RB,20600000.0
Garett Bolles,DEN,LT,20500000.0
Mike Evans,TB,WR,20500000.0
Chris Lindstrom,ATL,G,20500000.0
Dan Moore,TEN,LT,20500000.0
A.J. Terrell,ATL,CB,20250000.0
Denzel Ward,CLE,CB,20100000.0
Dion Dawkins,BUF,LT,20020000.0
Taylor Decker,DET,LT,20000000.0
Justin Fields,NYJ,QB,20000000.0
Robert Hunt,CAR,G,20000000.0
Jakobi Meyers,JAX,WR,20000000.0
Quenton Nelson,IND,G,20000000.0
Osa Odighizuwa,DAL,DL/DT,20000000.0
Greg Rousseau,BUF,ED/DE,20000000.0
Roquan Smith,BAL,LB/ILB,20000000.0
Ronnie Stanley,BAL,LT/T,20000000.0
Jawaan Taylor,KC,RT,20000000.0
Marshon Lattimore,WAS,CB,19520600.0
Marlon Humphrey,BAL,CB,19500000.0
Trevon Diggs,GB,CB,19400000.0
Aaron Banks,GB,G,19250000.0
Derwin James,LAC,S,19133000.0
Tyson Campbell,CLE,CB,19125000.0
George Kittle,SF,TE,19100000.0
L'Jarius Sneed,TEN,CB,19100000.0
Josh Sweat,ARI,ED/DE,19100000.0
Jonathan Greenard,MIN,ED/OLB,19000000.0
Jaylon Johnson,CHI,CB,19000000.0
Trey McBride,ARI,TE,19000000.0
Christian McCaffrey,SF,RB,19000000.0
Mike Onwenu,NE,G,19000000.0
Alaric Jackson,LAR,LT,18766667.0
Tytus Howard,HOU,RT/G,18666667.0
Samuel Cosmi,WAS,G,18500000.0
Brian O'Neill,MIN,RT,18500000.0
Minkah Fitzpatrick,MIA,S,18403059.0
Bradley Chubb,MIA,ED/DE,18163333.0
Paulson Adebo,NYG,CB,18000000.0
Budda Baker,ARI,S,18000000.0
Spencer Brown,BUF,RT,18000000.0
Carlton Davis,NE,CB,18000000.0
Tremaine Edmunds,CHI,LB/ILB,18000000.0
Creed Humphrey,KC,C,18000000.0
Christian Kirk,HOU,WR,18000000.0
Khalil Mack,LAC,ED/OLB,18000000.0
Quinn Meinerz,DEN,G,18000000.0
Byron Murphy,MIN,CB,18000000.0
Charvarius Ward,IND,CB,18000000.0
Deommodore Lenoir,SF,CB,17776800.0
Vita Vea,TB,DL/DT,17750000.0
Deebo Samuel,WAS,WR,17545529.0
Will Fries,MIN,G,17544000.0
Jonah Jackson,CHI,G,17500000.0
Jerry Jeudy,CLE,WR,17500000.0
Mike McGlinchey,DEN,RT,17500000.0
Braden Smith,IND,RT,17500000.0
Joe Thuney,CHI,G,17500000.0
Christian Benford,BUF,CB,17250000.0
Travis Kelce,KC,TE,17125000.0
Bryce Huff,SF,ED/DE,17033333.0
Jonathan Allen,MIN,DL/DT,17000000.0
Zack Baun,PHI,LB/ILB,17000000.0
Alex Highsmith,PIT,ED/OLB,17000000.0
Elgton Jenkins,GB,C,17000000.0
Cam Jurgens,PHI,C,17000000.0
Trevon Moehrig,CAR,S,17000000.0
Ed Oliver,BUF,DL/DT,17000000.0
Cole Van Lanen,JAX,LT,17000000.0
Chase Young,NO,ED/OLB,17000000.0
Xavier McKinney,GB,S,16750000.0
T.J. Hockenson,MIN,TE,16500000.0
Terence Steele,DAL,RT,16500000.0
Orlando Brown Jr.,CIN,LT,16023000.0
Jessie Bates III,ATL,S,16005000.0
Kevin Dotson,LAR,G,16000000.0
Zyon McCollum,TB,CB,16000000.0
Dayo Odeyingbo,CHI,ED/DE,16000000.0
D.J. Reed,DET,CB,16000000.0
Abraham Lucas,SEA,RT,15333333.0
Jevon Holland,NYG,S,15100000.0
Tershawn Wharton,CAR,DL/DE,15016667.0
Joel Bitonio,CLE,G,15000000.0
Nick Bolton,KC,LB/ILB,15000000.0
Camryn Bynum,IND,S,15000000.0
Jack Conklin,CLE,RT,15000000.0
Jonathon Cooper,DEN,ED/OLB,15000000.0
Javon Hargrave,MIN,DL/DT,15000000.0
Derrick Henry,BAL,RB,15000000.0
Javon Kinlaw,WAS,DL/DT,15000000.0
Cooper Kupp,SEA,WR,15000000.0
Kaleb McGary,ATL,RT,15000000.0
Colton McKivitz,SF,RT,15000000.0
Jaylon Moore,KC,RT,15000000.0
Uchenna Nwosu,SEA,ED/OLB,15000000.0
Jamien Sherwood,NYJ,LB/ILB,15000000.0
Jonah Williams,ARI,RT,15000000.0
Arik Armstead,JAX,DL/DT,14500000.0
Kyle Dugger,PIT,S,14500000.0
Cameron Heyward,PIT,DL/DE,14500000.0
Harold Landry,NE,ED/OLB,14500000.0
Dalvin Tomlinson,ARI,DL/DT,14500000.0
Grady Jarrett,CHI,DL/DT,14250000.0
Wyatt Teller,CLE,G,14200000.0
Drew Dalman,CHI,C,14000000.0
Daniel Jones,IND,QB,14000000.0
Haason Reddick,TB,ED/OLB,14000000.0
Jonathan Taylor,IND,RB,14000000.0
David Njoku,CLE,TE,13687500.0
Patrick Queen,PIT,LB/ILB,13666667.0
Aaron Rodgers,PIT,QB,13650000.0
Amani Hooker,TEN,S,13500000.0
Travis Jones,BAL,DL/DT,13500000.0
Walker Little,JAX,LT,13500000.0
Kyler Gordon,CHI,CB/NB,13333333.0
Khalil Shakir,BUF,WR,13264500.0
Damien Lewis,CAR,G,13250000.0
Mark Andrews,BAL,TE,13089000.0
Jamel Dean,TB,CB,13000000.0
Carl Granderson,NO,ED/OLB,13000000.0
Talanoa Hufanga,DEN,S,13000000.0
D.J. Jones,DEN,DL/DT,13000000.0
Darnell Mooney,ATL,WR,13000000.0
Jalen Pitre,HOU,CB/NB,13000000.0
Grover Stewart,IND,DL/DT,13000000.0
Quentin Lake,LAR,S,12750000.0
Joey Bosa,BUF,ED/DE,12610000.0
Lloyd Cushenberry,TEN,C,12500000.0
Jake Ferguson,DAL,TE,12500000.0
Cole Kmet,CHI,TE,12500000.0
Patrick Mekari,JAX,G,12500000.0
Jeremiah Owusu-Koramoah,CLE,LB/OLB,12500000.0
Rashod Bateman,BAL,WR,12250000.0
Alvin Kamara,NO,RB,12250000.0
Cameron Ward,TEN,QB,12209905.0
Pat Freiermuth,PIT,TE,12100000.0
Jonnu Smith,PIT,TE,12010000.0
Grant Delpit,CLE,S,12000000.0
Nate Hobbs,GB,CB,12000000.0
Austin Jackson,MIA,RT,12000000.0
Josh Jacobs,GB,RB,12000000.0
Erik McCoy,NO,C,12000000.0
Josh Metellus,MIN,S,12000000.0
Cam Robinson,CLE,LT,12000000.0
Dalton Schultz,HOU,TE,12000000.0
Darius Slayton,NYG,WR,12000000.0
Brandon Stephens,NYJ,CB,12000000.0
Jalen Thompson,ARI,S,12000000.0
Luke Wattenberg,DEN,C,12000000.0
David Onyemata,ATL,DL/DE,11666667.0
Travis Hunter,JAX,WR/CB,11662282.0
Marcus Jones,NE,CB,11660000.0
James Cook,BUF,RB,11500000.0
Evan Engram,DEN,TE,11500000.0
DaVon Hamilton,JAX,DL/DT,11500000.0
Rob Havenstein,LAR,RT,11500000.0
Azeez Al-Shaair,HOU,LB,11333333.0
Abdul Carter,NYG,ED/OLB,11313795.0
Malcolm Koonce,LV,ED/DE,11040000.0
Dorance Armstrong,WAS,ED/DE,11000000.0
B.J. Hill,CIN,DL/DT,11000000.0
Julian Love,SEA,S,11000000.0
D.J. Reader,DET,DL/DT,11000000.0
Cesar Ruiz,NO,G,11000000.0
Robert Spillane,NE,LB,11000000.0
Christian Watson,GB,WR,11000000.0
Kyren Williams,LAR,RB,11000000.0
Alex Wright,CLE,ED/DE,11000000.0
Will Campbell,NE,LT,10915526.0
DeMarcus Lawrence,SEA,ED/OLB,10833333.0
Terrel Bernard,BUF,LB,10535750.0
Jimmie Ward,HOU,S,10508000.0
Dre Greenlaw,DEN,LB/ILB,10500000.0
Justin Reid,NO,S,10500000.0
Russell Wilson,NYG,QB,10500000.0
Zaire Franklin,IND,LB/OLB,10420000.0
Frankie Luvu,WAS,LB,10333333.0
Michael Carter II,PHI,CB,10250000.0
Juwan Johnson,NO,TE,10250000.0
Taron Johnson,BUF,CB,10250000.0
Mason Graham,CLE,DL/DT,10218548.0
TuTu Atwell,LAR,WR,10000000.0
Denico Autry,HOU,ED/DE,10000000.0
Mekhi Becton,LAC,G,10000000.0
Dyami Brown,JAX,WR,10000000.0
Maliek Collins,CLE,DL/DT,10000000.0
T.J. Edwards,CHI,LB/OLB,10000000.0
Leonard Floyd,ATL,ED/OLB,10000000.0
Kristian Fulton,KC,CB,10000000.0
Dallas Goedert,PHI,TE,10000000.0
Taysom Hill,NO,TE,10000000.0
Aaron Jones,MIN,RB,10000000.0
Jourdan Lewis,JAX,CB,10000000.0
Kenny Moore,IND,CB,10000000.0
Bobby Okereke,NYG,LB,10000000.0
Foyesade Oluokun,JAX,LB,10000000.0
Jon Runyan,NYG,G,10000000.0
Darius Slay,BUF,CB,10000000.0
Caleb Williams,CHI,QB,9871515.0
Dawson Knox,BUF,TE,9833333.0
Tyler Biadasz,WAS,C,9750000.0
Josh Palmer,BUF,WR,9666667.0
James Conner,ARI,RB,9500000.0
Ernest Jones,SEA,LB/ILB,9500000.0
Bryce Young,CAR,QB,9488768.0
Jayden Daniels,WAS,QB,9436663.0
Travon Walker,JAX,ED/DE,9343155.0
Malcolm Roach,DEN,DL/DE,9266667.0
Poona Ford,LAR,DL/DT,9200000.0
Drake Maye,NE,QB,9159941.0
David Montgomery,DET,RB,9125000.0
C.J. Stroud,HOU,QB,9069811.0
Lavonte David,TB,LB/ILB,9000000.0
Yetur Gross-Matos,SF,ED/DE,9000000.0
Hunter Henry,NE,TE,9000000.0
Ryan Kelly,MIN,C,9000000.0
Rhamondre Stevenson,NE,RB,9000000.0
Bobby Wagner,WAS,LB/ILB,9000000.0
Logan Wilson,DAL,LB/ILB,9000000.0
Kevin Zeitler,TEN,G,9000000.0
Ashton Jeanty,LV,RB,8973953.0
Marvin Harrison Jr.,ARI,WR,8843686.0
Will Anderson,HOU,ED/DE,8803207.0
Jordyn Brooks,MIA,LB,8750000.0
Demario Davis,NO,LB/ILB,8625000.0
Andre Cisco,NYJ,S,8500000.0
Mike Gesicki,CIN,TE,8500000.0
Tyler Higbee,LAR,TE,8500000.0
Dre'Mont Jones,BAL,ED/OLB,8500000.0
Joe Mixon,HOU,RB,8500000.0
Adam Thielen,PIT,WR,8500000.0
Anthony Richardson,IND,QB,8498508.0
Chuba Hubbard,CAR,RB,8300000.0
Joe Alt,LAC,LT,8290236.0
Kyle Pitts,ATL,TE,8227624.0
Jeremy Chinn,LV,S,8129000.0
Derrick Barnes,DET,LB/OLB,8000000.0
Ezra Cleveland,JAX,G,8000000.0
James Daniels,MIA,G/C,8000000.0
Michael Danna,KC,ED/DE,8000000.0
Samson Ebukam,IND,ED/DE,8000000.0
DaQuan Jones,BUF,DL/DT,8000000.0
Marcus Mariota,WAS,QB,8000000.0
Morgan Moses,NE,RT/T,8000000.0
Curtis Samuel,BUF,WR,8000000.0
Isaac Seumalo,PIT,G,8000000.0
D'Andre Swift,CHI,RB,8000000.0
Armand Membou,NYJ,RT,7978276.0
Devon Witherspoon,SEA,CB,7965288.0
Kayvon Thibodeaux,NYG,ED/OLB,7834760.0
Kenneth Murray,DAL,LB,7750000.0
Josh Oliver,MIN,TE,7750000.0
Baron Browning,ARI,LB/OLB,7500000.0
Kevin Byard,CHI,S,7500000.0
Blake Cashman,MIN,LB,7500000.0
John Franklin-Myers,DEN,DL/DE,7500000.0
Patrick Jones,CAR,ED/OLB,7500000.0
Nathan Landman,LAR,LB/ILB,7500000.0
Colby Parkinson,LAR,TE,7500000.0
Harrison Phillips,NYJ,DL/DT,7500000.0
A'Shawn Robinson,CAR,DL/DE,7500000.0
Pete Werner,NO,LB/ILB,7500000.0
Darious Williams,LAR,CB,7500000.0
Connor McGovern,BUF,C,7450000.0
Ben Bredeson,TB,G,7333333.0
Jarran Reed,SEA,DL/DT,7333333.0
Malik Nabers,NYG,WR,7301938.0
Trey Pipkins,LAC,RT,7250000.0
Tony Pollard,TEN,RB,7250000.0
Kaden Elliss,ATL,LB/ILB,7166667.0
Tedarrell Slaton,CIN,DL/DT,7050000.0
Paris Johnson,ARI,LT,7013114.0
Cody Barton,TEN,LB/ILB,7000000.0
John Bates,WAS,TE,7000000.0
Aaron Brewer,MIA,C,7000000.0
Bobby Brown,CAR,DL/DT,7000000.0
Marquise Brown,KC,WR,7000000.0
Zaven Collins,ARI,ED/DE,7000000.0
Divine Deablo,ATL,LB/ILB,7000000.0
Jermaine Eluemunor,NYG,RT,7000000.0
Robert Hainsey,JAX,C,7000000.0
Michael Hoecht,BUF,ED/DE,7000000.0
Malik Hooker,DAL,S,7000000.0
Arden Key,TEN,ED/OLB,7000000.0
Davis Mills,HOU,QB,7000000.0
Bilal Nichols,ARI,ED/DE,7000000.0
Donovan Wilson,DAL,S,7000000.0
Tet McMillan,CAR,WR,6982598.0
Kelvin Banks Jr.,NO,LT,6932812.0
Ikem Ekwonu,CAR,LT,6892013.0
Christian Elliss,NE,LB,6754000.0
Larry Ogunjobi,BUF,DL/DT,6696735.0
Graham Glasgow,DET,C,6666667.0
Brandon Jones,DEN,S,6666667.0
Colston Loveland,CHI,TE,6659002.0
JC Latham,TEN,RT,6511297.0
Donte Jackson,LAC,CB,6500000.0
Sebastian Joseph,TEN,DL/DT,6500000.0
Eric Murray,JAX,S,6500000.0
Joseph Ossai,CIN,ED/DE,6500000.0
Harrison Butker,KC,K,6400000.0
Drue Tranquill,KC,LB,6333333.0
Matt Milano,BUF,LB/OLB,6306500.0
Tyree Wilson,LV,ED/DE,6251374.0
Alex Anzalone,DET,LB/OLB,6250000.0
Jacoby Brissett,ARI,QB,6250000.0
Deshon Elliott,PIT,S,6250000.0
Zach Ertz,WAS,TE,6250000.0
D.J. Wonnum,CAR,ED/OLB,6250000.0
Mykel Williams,SF,ED/DE,6235839.0
Elijah Molden,LAC,S,6166667.0
Evan Neal,NYG,G,6137815.0
Von Miller,WAS,LB/OLB,6100000.0
Cameron Jordan,NO,DL/DE,6050000.0
Bud Dupree,LAC,ED/OLB,6000000.0
A.J. Epenesa,BUF,ED/DE,6000000.0
Dante Fowler Jr.,DAL,ED/DE,6000000.0
Hjalte Froholdt,ARI,C,6000000.0
Chauncey Golston,NYG,ED/OLB,6000000.0
Noah Gray,KC,TE,6000000.0
Cole Holcomb,PIT,LB,6000000.0
James Hudson,NYG,LT,6000000.0
Mike Hughes,ATL,CB,6000000.0
Ted Karras,CIN,C,6000000.0
Tyquan Lewis,IND,ED/DE,6000000.0
Keisean Nixon,GB,CB,6000000.0
Ethan Pocic,CLE,C,6000000.0
Coleman Shelton,LAR,C,6000000.0
John Simpson,NYJ,G,6000000.0
Alex Singleton,DEN,LB,6000000.0
Jarrett Stidham,DEN,QB,6000000.0
Tyrod Taylor,NYJ,QB,6000000.0
Quincy Williams,NYJ,LB,6000000.0
Zach Wilson,MIA,QB,6000000.0
Jeremy Reaves,WAS,S,5995000.0
Jaylen Warren,PIT,RB,5952000.0
Jauan Jennings,SF,WR,5945000.0
Evan Brown,ARI,G,5750000.0
Michael Penix Jr.,ATL,QB,5720659.0
Rome Odunze,CHI,WR,5681125.0
Tyler Booker,DAL,G,5638430.0
Percy Butler,WAS,S,5556000.0
Isaiah Rodgers,MIN,CB,5522500.0
Alex Cappa,LV,G,5510000.0
Cameron Dicker,LAC,K,5501000.0
Adam Butler,LV,DL/DT,5500000.0
Calais Campbell,ARI,DL/DT,5500000.0
Graham Gano,NYG,K,5500000.0
Davon Godchaux,NO,DL/DT,5500000.0
Jonathan Jones,WAS,CB,5500000.0
Evan McPherson,CIN,K,5500000.0
Josh Myers,NYJ,C,5500000.0
Devin Singletary,NYG,RB,5500000.0
Bijan Robinson,ATL,RB,5489634.0
Kenneth Grant,MIA,DL/DT,5489078.0
J.J. McCarthy,MIN,QB,5463699.0
Jalen Carter,PHI,DL/DT,5451504.0
Drake London,ATL,WR,5383617.0
Wil Lutz,DEN,K,5366667.0
Charles Cross,SEA,LT,5345907.0
Nick Allegretti,WAS,G/C,5333333.0
Jahlani Tavai,NE,LB/ILB,5333333.0
Ka'imi Fairbairn,HOU,K,5300000.0
Jason Myers,SEA,K,5275000.0
Luke Farrell,SF,TE,5250000.0
Najee Harris,LAC,RB,5250000.0
Michael Jackson,CAR,CB,5250000.0
Jordan Mason,MIN,RB,5250000.0
Sheldon Rankins,HOU,DL/DT,5250000.0
Kalif Raymond,DET,WR,5250000.0
Tommy Tremble,CAR,TE,5250000.0
Broderick Washington,BAL,DL/DE,5250000.0
Darnell Wright,CHI,RT,5242067.0
Tyler Warren,IND,TE,5240163.0
Rashid Shaheed,SEA,WR,5200000.0
Jalon Walker,ATL,ED/OLB,5140593.0
Olu Fashanu,NYJ,LT,5127678.0
Harrison Smith,MIN,S,5125000.0
Tyler Bass,BUF,K,5100000.0
Brandon McManus,GB,K,5100000.0
Alohi Gilman,BAL,S,5062500.0
Tyson Bagent,CHI,QB,5000000.0
Chris Boswell,PIT,K,5000000.0
Akeem Davis-Gaither,ARI,LB,5000000.0
Malik Harrison,PIT,LB/ILB,5000000.0
Austin Hooper,NE,TE,5000000.0
DeAndre Hopkins,BAL,WR,5000000.0
Anthony Nelson,TB,ED/OLB,5000000.0
Jeremy Ruckert,NYJ,TE,5000000.0
Nathan Shepherd,NO,DL/DE,5000000.0
Peter Skoronski,TEN,G,4918330.0
Geno Stone,CIN,S,4900000.0
Walter Nolen,ARI,DL/DT,4841888.0
Chris Olave,NO,WR,4817969.0
Joe Tryon,CHI,ED/DE,4755000.0
Garrett Bradbury,NE,C,4750000.0
Mario Edwards,HOU,DL/DT,4750000.0
Ryan Neuzil,ATL,C,4750000.0
Darrell Taylor,HOU,ED/DE,4750000.0
Shemar Stewart,CIN,ED/DE,4742319.0
Will Dissly,LAC,TE,4666667.0
Bo Nix,DEN,QB,4653292.0
Amik Robertson,DET,CB,4625000.0
Grey Zabel,SEA,G,4617865.0
Daniel Carlson,LV,K,4600000.0
Emeka Egbuka,TB,WR,4543183.0
Brock Bowers,LV,TE,4534696.0
Jahdae Barron,DEN,CB,4518294.0
Kamren Curl,LAR,S,4500000.0
Shelby Harris,CLE,DL/DT,4500000.0
Roy Robertson-Harris,NYG,DL/DT,4500000.0
Teair Tart,LAC,DL/DT,4500000.0
Kavontae Turpin,DAL,WR,4500000.0
Kyle Van Noy,BAL,ED/OLB,4500000.0
Derrick Harmon,PIT,DL/DT,4493401.0
Sean Bunting,ARI,CB,4487500.0
Jahmyr Gibbs,DET,RB,4461283.0
Omarion Hampton,LAC,RB,4443616.0
Jason Sanders,MIA,K,4400000.0
Matthew Golden,GB,WR,4393835.0
Lukas Van Ness,GB,ED/DE,4347023.0
Taliese Fuaga,NO,T,4337040.0
C.J. Ham,MIN,FB,4325000.0
Donovan Jackson,MIN,G,4294264.0
Laiatu Latu,IND,ED/DE,4257974.0
Jordan Davis,PHI,DL/DT,4252320.0
Ryan Bates,CHI,C,4250000.0
Joe Flacco,CIN,QB,4250000.0
Mack Wilson,ARI,LB/ILB,4250000.0
Jaxson Dart,NYG,QB,4244482.0
Austin Ekeler,WAS,RB,4215000.0
Mac Jones,SF,QB,4205000.0
Mack Hollins,NE,WR,4200000.0
James Pearce Jr.,ATL,ED/OLB,4194696.0
Broderick Jones,PIT,LT,4156588.0
Malaki Starks,BAL,S,4144915.0
Jake Brendel,SF,C,4125000.0
Tyliek Williams,DET,DL/DT,4120023.0
Chase McLaughlin,TB,K,4100000.0
Will McDonald,NYJ,ED/DE,4080419.0
Foster Moreau,NO,TE,4078000.0
Alec Ingold,MIA,FB,4066667.0
Michael Dickson,SEA,P,4050000.0
Byron Murphy,SEA,DL/DT,4020781.0
Derek Barnett,HOU,ED/DE,4000000.0
Kelvin Beachum,ARI,LT,4000000.0
Andrew Billings,CHI,DL/DT,4000000.0
Logan Cooke,JAX,P,4000000.0
Andy Dalton,CAR,QB,4000000.0
Joshua Dobbs,NE,QB,4000000.0
Will Harris,WAS,S,4000000.0
Anfernee Jennings,NE,ED/OLB,4000000.0
Josh Jones,SEA,RT,4000000.0
Isaiah McDuffie,GB,LB/OLB,4000000.0
Yosh Nijman,CAR,RT,4000000.0
Rakeem Nunez-Roches,NYG,DL/DT,4000000.0
Charles Omenihu,KC,ED/DE,4000000.0
Levi Onwuzurike,DET,DL/DT,4000000.0
Demarcus Robinson,SF,WR,4000000.0
Jameis Winston,NYG,QB,4000000.0
Charlie Woerner,ATL,TE,4000000.0
Xavier Woods,TEN,S/FS,4000000.0
Brock Wright,DET,TE,4000000.0
Andrew Wylie,WAS,RT,4000000.0
Alijah Vera-Tucker,NYJ,G,3971257.0
A.J. Cole,LV,P,3950000.0
Dallas Turner,MIN,ED/OLB,3941716.0
Josh Conerly Jr.,WAS,RT,3920274.0
Cairo Santos,CHI,K,3900000.0
Emmanuel Forbes,LAR,CB,3851892.0
Amarius Mims,CIN,RT,3842890.0
Maxwell Hairston,BUF,CB,3814496.0
Jared Verse,LAR,ED/OLB,3783587.0
Christian Gonzalez,NE,CB,3775717.0
Troy Fautanu,PIT,RT,3763824.0
Antonio Gibson,NE,RB,3750000.0
Robert Jones,DAL,G,3750000.0
Kyle Juszczyk,SF,FB,3750000.0
Mason Rudolph,PIT,QB,3750000.0
Adam Trautman,DEN,TE,3750000.0
Chop Robinson,MIA,ED/DE,3744057.0
Jihaad Campbell,PHI,LB,3725894.0
Isaiah Pola-Mao,LV,S,3725000.0
Quinyon Mitchell,PHI,CB,3704524.0
Zion Johnson,LAC,G,3686670.0
Jack Campbell,DET,LB/ILB,3680501.0
Josh Simmons,KC,LT,3668839.0
Brian Thomas Jr.,JAX,WR,3664995.0
Calijah Kancey,TB,DL/DT,3623369.0
Jaxon Smith-Njigba,SEA,WR,3604327.0
Terrion Arnold,DET,CB,3585928.0
Reed Blankenship,PHI,S,3575000.0
Quentin Johnston,LAC,WR,3547195.0
Jordan Morgan,GB,LT,3546399.0
Taylor Rapp,BUF,S,3541667.0
Trevor Penning,LAC,LT,3535829.0
Kenny Pickett,LV,QB,3516976.0
Jack Fox,DET,P,3516250.0
Zay Flowers,BAL,WR,3509109.0
Graham Barton,TB,C,3506864.0
Jaelan Phillips,PHI,ED/OLB,3504551.0
Chuma Edoga,JAX,G,3500000.0
Jordan Elliott,SF,DL/DT,3500000.0
Greg Gaines,TB,DL/DT,3500000.0
P.J. Locke,DEN,S,3500000.0
Roy Lopez,DET,DL/DT,3500000.0
Hunter Luepke,DAL,FB,3500000.0
Matt Peart,DEN,LT,3500000.0
Drew Sample,CIN,TE,3500000.0
E.J. Speed,HOU,LB/OLB,3500000.0
Eric Stokes,LV,CB,3500000.0
Trent McDuffie,KC,CB,3498121.0
Darius Robinson,ARI,ED/DE,3467332.0
Quay Walker,GB,LB/ILB,3460410.0
Jadeveon Clowney,DAL,LB/OLB,3450000.0
Xavier Worthy,KC,WR,3447566.0
Jordan Addison,MIN,WR,3432935.0
Kwity Paye,IND,ED/DE,3411208.0
Cade Mays,CAR,C,3406000.0
Deonte Banks,NYG,CB,3394849.0
Dalton Kincaid,BUF,TE,3356756.0
Mazi Smith,NYJ,DL/DT,3318674.0
Tyler Linderbaum,BAL,C,3309572.0
Anton Harrison,JAX,RT,3299630.0
Tyler Guyton,DAL,LT,3288952.0
Jermaine Johnson,NYJ,ED/DE,3271861.0
Tony Adams,NYJ,S,3263000.0
Greg Dortch,ARI,WR,3263000.0
Kader Kohou,MIA,CB,3263000.0
Ar'Darius Washington,BAL,S,3263000.0
Chris Williams,CHI,DL/DT,3263000.0
Bradley Bozeman,LAC,C/G,3250000.0
Noah Brown,WAS,WR,3250000.0
Devin Bush,CLE,LB/OLB,3250000.0
Ashton Dulin,IND,WR,3250000.0
Miles Killebrew,PIT,S,3250000.0
Cornelius Lucas,CLE,LT/T,3250000.0
Emmanuel Ogbah,JAX,ED/DE,3250000.0
Tremon Smith,HOU,CB,3250000.0
Greg Van Roten,NYG,G,3250000.0
Deatrich Wise,WAS,ED/DE,3250000.0
Devin Lloyd,JAX,LB/ILB,3234151.0
Travis Etienne,JAX,RB,3224526.0
Devonte Wyatt,GB,DL/DT,3215296.0
Nate Wiggins,BAL,CB,3204956.0
Bryan Anger,DAL,P,3200000.0
Andrew Wingard,JAX,S,3200000.0
Greg Newsome,JAX,CB,3187184.0
Julian Blackmon,NO,S,3170000.0
Blake Brandel,MIN,G,3166667.0
Myles Murphy,CIN,ED/DE,3146816.0
Ricky Pearsall,SF,WR,3134600.0
Tyrel Dodson,MIA,LB/ILB,3125000.0
Theo Jackson,MIN,S,3105000.0
Cooper Rush,BAL,QB,3100000.0
Daniel Whelan,GB,P,3100000.0
Xavier Legette,CAR,WR,3089294.0
Bryan Bresee,NO,DL/DT,3065890.0
Teven Jenkins,CLE,G,3050000.0
Keenan Allen,LAC,WR,3020000.0
Ifeatu Melifonwu,MIA,CB,3010000.0
Elandon Roberts,LV,LB/ILB,3010000.0
Jimmy Garoppolo,LAR,QB,3005000.0
Markquese Bell,DAL,S,3000000.0
K’Lavon Chaisson,NE,ED/OLB,3000000.0
L.J. Collier,ARI,DL/DT,3000000.0
Tyler Conklin,LAC,TE,3000000.0
Austin Corbett,CAR,C,3000000.0
Riley Dixon,TB,P,3000000.0
Brandin Echols,PIT,CB,3000000.0
David Edwards,BUF,G/T,3000000.0
Foley Fatukasi,HOU,DL/DT,3000000.0
Cody Ford,CIN,LT,3000000.0
Jamie Gillan,NYG,P,3000000.0
Jake Hansen,HOU,LB/OLB,3000000.0
Justice Hill,BAL,RB,3000000.0
Azeez Ojulari,PHI,ED/OLB,3000000.0
Brenden Schooler,NE,S,3000000.0
JK Scott,LAC,P,3000000.0
Tim Settle,HOU,DL/DT,3000000.0
Solomon Thomas,DAL,DL/DT,3000000.0
Tommy Townsend,HOU,P,3000000.0
Tre'Davious White,BUF,CB,3000000.0
Javonte Williams,DAL,RB,3000000.0
Isaac Yiadom,NO,CB,3000000.0
Nolan Smith,PHI,ED/OLB,2998102.0
Nick Westbrook,MIA,WR,2995000.0
Felix Anudike-Uzomah,KC,ED/DE,2954454.0
Carson Schwesinger,CLE,LB,2950100.0
Jayden Higgins,HOU,WR,2925206.0
Daxton Hill,CIN,CB,2916753.0
Nick Emmanwori,SEA,S,2900315.0
Bradley Pinion,ATL,P,2883333.0
Nick Folk,NYJ,K,2875000.0
Kyle Hinton,ATL,G,2875000.0
Patrick Ricard,BAL,FB,2872500.0
Tress Way,WAS,P,2872500.0
Quinshon Judkins,CLE,RB,2850534.0
Chris Board,NYG,LB/ILB,2850000.0
Odafe Oweh,LAC,ED/OLB,2835598.0
Jonah Savaiinaea,MIA,G,2830619.0
Daniel Ekuale,PIT,DL/DT,2800000.0
Brady Christensen,CAR,G,2787500.0
Justin Strnad,DEN,LB/ILB,2787500.0
TreVeyon Henderson,NE,RB,2785809.0
Xavien Howard,IND,CB,2785000.0
Jahan Dotson,PHI,WR,2757048.0
Rico Dowdle,CAR,RB,2750000.0
Troy Dye,LAC,LB/ILB,2750000.0
Noah Fant,CIN,TE,2750000.0
Khadarel Hodge,ATL,WR,2750000.0
Johnny Mundt,JAX,TE,2750000.0
Josh Reynolds,NYJ,WR,2750000.0
Luther Burden III,CHI,WR,2741008.0
Tyler Shough,NO,QB,2701180.0
T.J. Sanders,BUF,DL/DT,2680102.0
Denzel Perryman,LAC,LB/ILB,2655000.0
Mitchell Trubisky,BUF,QB,2625000.0
Mason Taylor,NYJ,TE,2616547.0
Cordell Volson,CIN,G/T,2600000.0
Eric Wilson,MIN,LB/ILB,2600000.0
Jake Martin,WAS,LB/OLB,2585000.0
Alfred Collins,SF,DL/DT,2576722.0
Tommy Togiai,HOU,DL/DT,2542353.0
Donovan Ezeiruaku,DAL,ED/DE,2538772.0
Keon Coleman,BUF,WR,2518565.0
Josh Blackwell,CHI,CB,2500000.0
Larry Borom,MIA,RT,2500000.0
Ben Brown,NE,C,2500000.0
Oren Burks,CIN,LB/ILB,2500000.0
Nick Chubb,HOU,RB,2500000.0
Marcus Davenport,DET,ED/DE,2500000.0
Ashtyn Davis,MIA,S,2500000.0
D.J. Humphries,LAR,LT,2500000.0
Ty Johnson,BUF,RB,2500000.0
Drew Lock,SEA,QB,2500000.0
Hunter Long,JAX,TE,2500000.0
Dean Lowry,PIT,DL/DE,2500000.0
Amen Ogbongbemiga,CHI,LB/OLB,2500000.0
Isaiah Oliver,NYJ,S,2500000.0
Tim Patrick,JAX,WR,2500000.0
Christian Rozeboom,CAR,LB/ILB,2500000.0
Rigoberto Sanchez,IND,P,2500000.0
Durham Smythe,CHI,TE,2500000.0
Benjamin St-Juste,LAC,CB,2500000.0
M.J. Stewart,HOU,S,2500000.0
Payton Turner,DAL,ED/DE,2500000.0
Justin Watson,HOU,WR,2500000.0
Ladd McConkey,LAC,WR,2498797.0
JT Tuimoloau,IND,ED/DE,2485617.0
Ruke Orhorhoro,ATL,DL/DT,2479032.0
Brandon Graham,PHI,DL/DE,2444444.0
Johnny Newton,WAS,DL/DT,2439498.0
Terrence Ferguson,LAR,TE,2428367.0
Ja'Lynn Polk,NO,WR,2423686.0
Joey Porter Jr.,PIT,CB,2404586.0
Zay Jones,ARI,WR,2400000.0
T'Vondre Sweat,TEN,DL/DT,2388110.0
Will Levis,TEN,QB,2385541.0
Jonathan Owens,CHI,S,2375000.0
Sam LaPorta,DET,TE,2366498.0
Will Johnson,ARI,CB,2352692.0
Braden Fiske,LAR,DL/DT,2352531.0
Da'shawn Hand,LAC,DL/DE,2350000.0
Jeff Okudah,MIN,CB,2350000.0
Logan Hall,TB,DL/DT,2329114.0
Michael Mayer,LV,TE,2328411.0
Landon Young,NO,LT,2327500.0
Cooper DeJean,PHI,CB,2320906.0
Steve Avila,LAR,G,2313178.0
Aireontae Ersery,HOU,LT,2302910.0
Roger McCreary,LAR,CB,2291402.0
Kool-Aid McKinstry,NO,CB,2289277.0
Derick Hall,SEA,ED/OLB,2278895.0
Spencer Burford,SF,LT,2275000.0
Kamari Lassiter,HOU,CB,2253700.0
Breece Hall,NYJ,RB,2253694.0
Demetrius Knight Jr.,CIN,LB,2253121.0
Case Keenum,CHI,QB,2250000.0
Nick Mullens,JAX,QB,2250000.0
Dillon Radunz,NO,G,2250000.0
Matthew Bergeron,ATL,G,2244620.0
Ben Skowronek,PIT,WR,2237500.0
Liam Eichenberg,MIA,G,2225000.0
Hunter Renfrow,CAR,WR,2225000.0
Max Melton,ARI,CB,2222077.0
Jonathan Mingo,DAL,WR,2214149.0
Arnold Ebiketie,ATL,ED/OLB,2204672.0
Elijah Arroyo,SEA,TE,2203342.0
Mo Alie-Cox,IND,TE,2200000.0
Jason Pinnock,SF,CB,2200000.0
Jackson Powers-Johnson,LV,G,2191941.0
Will Hernandez,ARI,G,2170000.0
Nic Scourton,CAR,ED/OLB,2153559.0
Edgerrin Cooper,GB,LB,2149730.0
B.J. Ojulari,ARI,ED/DE,2149402.0
Boye Mafe,SEA,ED/OLB,2140563.0
Luke Musgrave,GB,TE,2118933.0
Kenneth Walker III,SEA,RB,2110395.0
Jonathon Brooks,CAR,RB,2104271.0
Oluwafemi Oladejo,TEN,ED/OLB,2103775.0
Jake Bailey,MIA,P,2100000.0
Nick Bellore,WAS,FB,2100000.0
Jack Cochrane,KC,LB/OLB,2100000.0
Braden Mann,PHI,P,2100000.0
Lucas Patrick,CIN,G,2100000.0
Khyiris Tonga,NE,DL/DT,2100000.0
Tylan Wallace,BAL,WR,2100000.0
Joe Tippmann,NYJ,C,2089900.0
JK Dobbins,DEN,RB,2065000.0
Benjamin Morrison,TB,CB,2053992.0
Kevin Givens,SF,DL/DT,2050000.0
Julius Brents,MIA,CB,2049234.0
Wan'dale Robinson,NYG,WR,2046292.0
Tyler Nubin,NYG,S,2044180.0
John Metchie,NYJ,WR,2017543.0
Brian Branch,DET,S,2005433.0
Maason Smith,JAX,DL/DT,2004650.0
Anthony Belton,GB,RT,2004206.0
Calvin Anderson,PIT,LT,2000000.0
Corey Bojorquez,CLE,P,2000000.0
Michael Ford,ATL,CB,2000000.0
Dennis Gardeck,JAX,LB/OLB,2000000.0
Reggie Gilliam,BUF,FB,2000000.0
Damar Hamlin,BUF,S,2000000.0
Josh Jobe,SEA,CB,2000000.0
Austin Johnson,JAX,DL/DT,2000000.0
Benito Jones,MIA,DL/DT,2000000.0
Trey Lance,LAC,QB,2000000.0
Rondale Moore,MIN,WR,2000000.0
Siran Neal,SF,S,2000000.0
Joseph Noteboom,BAL,LT,2000000.0
Justin Skule,MIN,LT,2000000.0
Tavierre Thomas,MIN,S,2000000.0
Darren Waller,MIA,TE,2000000.0
David Ojabo,BAL,ED/OLB,1977280.0
Kris Jenkins,CIN,DL/DT,1965116.0
Tre Harris,LAC,WR,1954424.0
John Jenkins,BAL,DL/DT,1950000.0
Keion White,SF,LB/OLB,1947540.0
Josh Paschal,DET,ED/DE,1933913.0
Ozzy Trapilo,CHI,RT,1929531.0
Mike Sainristil,WAS,CB,1925584.0
Joshua Uche,PHI,ED/OLB,1920000.0
Tate Ratledge,DET,G,1914594.0
Jartavius Martin,WAS,S,1909455.0
Elijah Campbell,MIA,S,1900000.0
Nazeeh Johnson,KC,CB,1900000.0
Jack Bech,LV,WR,1889704.0
Zach Frazier,PIT,C,1886054.0
Joey Blount,ARI,S,1875000.0
Cody Mauch,TB,G,1871364.0
Mike Green,BAL,ED/OLB,1854854.0
Blake Gillikin,ARI,P,1850000.0
Adonai Mitchell,NYJ,WR,1846522.0
RJ Harvey,DEN,RB,1839920.0
Jaquan Brisker,CHI,S,1838885.0
Naquan Jones,HOU,DL/DT,1835000.0
Keeanu Benton,PIT,DL/DT,1833281.0
Trey Amos,WAS,CB,1820005.0
Ben Sinnott,WAS,TE,1806988.0
Shemar Turner,CHI,DL/DT,1805072.0
Alontae Taylor,NO,CB,1801175.0
Omarr Norman-Lott,KC,DL/DT,1800093.0
Braxton Berrios,HOU,WR,1800000.0
Luke Gifford,SF,LB/ILB,1800000.0
Jaylin Hawkins,NE,S,1800000.0
Kurt Hinish,HOU,DL/DT,1800000.0
Dare Ogunbowale,HOU,RB,1800000.0
Samaje Perine,CIN,RB,1800000.0
Jayden Reed,GB,WR,1795195.0
Andrew Mukuba,PHI,S,1790136.0
Kenneth Gainwell,PIT,RB,1790000.0
Jerry Tillery,KC,DL/DT,1790000.0
Michael Hall,CLE,DL/DT,1767457.0
Kendrick Bourne,SF,WR,1765000.0
Adoree' Jackson,PHI,CB,1755000.0
Jerome Ford,CLE,RB,1750000.0
Kylen Granson,PHI,TE,1750000.0
Travis Homer,CHI,RB,1750000.0
Sterling Shepard,TB,WR,1750000.0
Ryan Wright,MIN,P,1750000.0
Patrick Paul,MIA,LT,1727924.0
Brevin Jordan,HOU,TE,1720000.0
Zach Charbonnet,SEA,RB,1719020.0
Marshawn Kneeland,DAL,ED/DE,1708162.0
Del'Shawn Phillips,LAC,ED/OLB,1700000.0
Grant Stuard,DET,LB/OLB,1700000.0
Chris Braswell,TB,ED/OLB,1696299.0
Darius Alexander,NYG,DL/DT,1690518.0
George Pickens,DAL,WR,1688045.0
Ashton Gillotte,KC,ED/DE,1686156.0
Harold Fannin Jr.,CLE,TE,1685722.0
Lonnie Johnson,LV,S,1685000.0
Darien Porter,LV,CB,1681024.0
Gervon Dexter,CHI,DL/DT,1680932.0
Javon Bullard,GB,S,1676533.0
Kyle Williams,NE,WR,1675893.0
Van Jefferson,TEN,WR,1670000.0
Danny Pinter,IND,C,1667500.0
Isaac TeSlaa,DET,WR,1666113.0
Vernon Broughton,NO,DL/DT,1659449.0
Landon Jackson,BUF,ED/DE,1654746.0
Alec Pierce,IND,WR,1650336.0
Khalil Dorsey,DET,CB,1650000.0
James Winchester,KC,LS,1650000.0
Blake Fisher,HOU,RT,1648857.0
Azareye'h Thomas,NYJ,CB,1648412.0
Pat Bryant,DEN,WR,1645270.0
Tuli Tuipulotu,LAC,ED/OLB,1642846.0
Nick Martin,SF,LB,1640417.0
Cole Bishop,BUF,S,1636999.0
Sam Williams,DAL,ED/DE,1631686.0
Isaiahh Loudermilk,PIT,DL/DE,1627500.0
Shavon Revel Jr.,DAL,CB,1626686.0
Reid Ferguson,BUF,LS,1625000.0
Rashee Rice,KC,WR,1623802.0
Jordan Burch,ARI,ED/DE,1622369.0
Ennis Rakestraw,DET,CB,1621187.0
Jaylin Noel,HOU,WR,1616714.0
Luke Rhodes,IND,LS,1616250.0
Skyy Moore,SF,WR,1612625.0
Tyrique Stevenson,CHI,CB,1612375.0
Justin Walley,IND,CB,1611004.0
Matthew Orzech,GB,LS,1610000.0
Roger Rosengarten,BAL,RT,1609329.0
Kingsley Suamataia,KC,G,1605377.0
Dylan Fairchild,CIN,G,1605295.0
Nick Moore,BAL,LS,1603750.0
Kevin Winston Jr.,TEN,S,1601248.0
Kris Boyd,NYJ,CB,1600000.0
Sam Martin,CAR,P,1600000.0
Raheem Mostert,LV,RB,1600000.0
Renardo Green,SF,CB,1597469.0
John Michael Schmitz,NYG,C,1593334.0
Kaleb Johnson,PIT,RB,1593016.0
Princely Umanmielen,CAR,ED/OLB,1587636.0
Jacob Parrish,TB,CB,1587162.0
Nohl Williams,KC,CB,1583879.0
Jamarree Caldwell,LAC,DL/DT,1578317.0
Zach Wood,NO,LS,1577500.0
Savion Williams,GB,WR,1573114.0
Rasul Douglas,MIA,CB,1572500.0
Caleb Ransaw,JAX,CB,1570270.0
Charlie Heck,TB,RT,1570000.0
Wyatt Milum,JAX,G,1569326.0
Josaiah Stewart,LAR,ED/OLB,1568853.0
Emery Jones Jr.,BAL,G,1568380.0
Luke Schoonmaker,DAL,TE,1566672.0
Jalen Milroe,SEA,QB,1566022.0
Jonas Sanker,NO,S,1561301.0
Dillon Gabriel,CLE,QB,1556581.0
O'Cyrus Torrence,BUF,G,1555245.0
Jared Wilson,NE,G,1551858.0
Cam Lewis,BUF,CB,1550000.0
Xavier Watts,ATL,S,1547139.0
Tai Felton,MIN,WR,1540296.0
Charles Grant,LV,LT,1540296.0
Sai'vion Jones,DEN,DL/DE,1540296.0
Caleb Rogers,LV,G,1540296.0
Jaylin Smith,HOU,CB,1540296.0
Upton Stout,SF,CB,1540296.0
D.J. Turner,CIN,CB,1540011.0
Brenton Strange,JAX,TE,1528583.0
Troy Andersen,ATL,LB/ILB,1525893.0
Juice Scruggs,HOU,G,1524776.0
Ian Thomas,LV,TE,1524500.0
Marco Wilson,CIN,CB,1520000.0
Marvin Mims,DEN,WR,1517159.0
Trey Benson,ARI,RB,1514902.0
Brandon Coleman,WAS,G,1514556.0
Caedan Wallace,NE,G,1510826.0
Junior Colson,LAC,LB,1506752.0
Dee Alford,ATL,CB,1500000.0
John FitzPatrick,GB,TE,1500000.0
Luke Fortner,NO,C,1500000.0
Kareem Hunt,KC,RB,1500000.0
Noah Igbinoghene,WAS,CB,1500000.0
Storm Norton,ATL,LT,1500000.0
Germaine Pratt,IND,LB/ILB,1500000.0
Jack Sanborn,DAL,LB/OLB,1500000.0
Dawuane Smoot,JAX,ED/DE,1500000.0
Daniel Thomas,DET,S,1500000.0
Olamide Zaccheaus,CHI,WR,1500000.0
Ed Ingram,HOU,G,1499496.0
Andru Phillips,NYG,CB,1498986.0
Isaiah Adams,ARI,G,1493695.0
Thomas Hennessy,NYJ,LS,1492500.0
Trevin Wallace,CAR,LB/ILB,1489959.0
Cam Taylor-Britt,CIN,CB,1488182.0
Cooper Beebe,DAL,C,1484930.0
Trent Sieg,DAL,LS,1483333.0
Bralen Trice,ATL,ED/OLB,1482435.0
Kiran Amegadjie,CHI,G,1478581.0
Jonah Elliss,DEN,ED/OLB,1467679.0
Delmar Glaze,LV,RT,1466448.0
Calen Bullock,HOU,S,1464250.0
Tyler Ott,WAS,LS,1463333.0
Bryan Cook,KC,S,1461785.0
Marshawn Lloyd,GB,RB,1460175.0
Matt Goncalves,IND,G,1459760.0
Trenton Brown,HOU,RT,1452287.0
Christian Haynes,SEA,G,1450691.0
Tip Reiman,ARI,TE,1447478.0
Liam McCullough,ATL,LS,1445000.0
Blake Corum,LAR,RB,1440941.0
Feleipe Franks,ATL,TE,1440000.0
Kene Nwangwu,NYJ,RB,1440000.0
Tyler Steen,PHI,G,1437611.0
Roman Wilson,PIT,WR,1436292.0
Sydney Brown,PHI,S,1436110.0
Zak Zinter,CLE,G,1433685.0
Drew Sanders,DEN,LB,1433682.0
Dominick Puni,SF,G,1425137.0
Kendall Lamm,MIA,RT/T,1425000.0
Marist Liufau,DAL,LB,1422879.0
Brandon Allen,TEN,QB,1422500.0
Jerome Baker,CLE,LB/ILB,1422500.0
Jonathan Bullard,NO,DL/DE,1422500.0
Michael Burton,DEN,FB,1422500.0
Joe Cardona,MIA,LS,1422500.0
Deandre Carter,CLE,WR,1422500.0
Will Clapp,NO,C,1422500.0
Chuck Clark,PIT,S,1422500.0
Morgan Cox,TEN,LS,1422500.0
Johnny Hekker,TEN,P,1422500.0
J.J. Jansen,CAR,LS,1422500.0
Rayshawn Jenkins,CLE,S,1422500.0
Josh Johnson,WAS,QB,1422500.0
Casey Kreiter,NYG,LS,1422500.0
Avonte Maddox,DET,CB,1422500.0
Chris Manhertz,NYG,TE,1422500.0
David Moore,CAR,WR,1422500.0
Al-Quadin Muhammad,DET,ED/DE,1422500.0
Derrick Nnadi,KC,DL/DT,1422500.0
Andrus Peat,PIT,RT,1422500.0
Trenton Scott,WAS,RT,1422500.0
JuJu Smith-Schuster,KC,WR,1422500.0
Jon Weeks,SF,LS,1422500.0
Carson Wentz,MIN,QB,1422500.0
Elijah Wilkinson,ATL,G,1422500.0
Tank Dell,HOU,WR,1422276.0
Tykee Smith,TB,S,1421755.0
Elijah Jones,ARI,CB,1421380.0
Ty'Ron Hopper,GB,LB,1419506.0
Byron Young,PHI,DL/DT,1417178.0
Jalen McMillan,TB,WR,1415756.0
Kendre Miller,NO,RB,1413580.0
Adisa Isaac,BAL,ED/OLB,1412009.0
Garrett Williams,ARI,CB,1408733.0
Jalyx Hunt,PHI,ED/OLB,1408259.0
Jalin Hyatt,NYG,WR,1406328.0
Jihad Ward,TEN,DL/DE,1405000.0
DeWayne Carter,BUF,DL/DT,1404512.0
Cedric Tillman,CLE,WR,1403628.0
Kayode Awosika,DET,G,1400000.0
Josh Harris,LAC,LS,1400000.0
McKinnley Jackson,CIN,DL/DT,1399078.0
Jarrian Jones,JAX,CB,1399078.0
Kamren Kinchens,LAR,S,1399078.0
Luke McCaffrey,WAS,WR,1399078.0
Payton Wilson,PIT,LB,1399078.0
Austin Schlottmann,NYG,C,1397500.0
Zach Harrison,ATL,DL/DE,1392112.0
Mitchell Fraboni,DEN,LS,1391667.0
Marte Mapu,NE,LB/ILB,1390927.0
Byron Young,LAR,ED/OLB,1389167.0
Tucker Kraft,GB,TE,1384484.0
Josh Downs,IND,WR,1380115.0
Tyjae Spears,TEN,RB,1372654.0
Joshua Ezeudu,NYG,G,1371381.0
Dorian Williams,BUF,LB,1368202.0
Martin Emerson,CLE,CB,1367822.0
YaYa Diaby,TB,ED/OLB,1366353.0
Riley Moss,DEN,CB,1361872.0
Devon Achane,MIA,RB,1359362.0
Daiyan Henley,LAC,LB,1355105.0
Artie Burns,MIA,CB,1355000.0
Matt Pryor,PHI,G/T,1355000.0
Trenton Simpson,BAL,LB/ILB,1352211.0
Chimere Dike,TEN,WR,1350238.0
Stone Smartt,NYJ,TE,1350000.0
Ji'Ayir Brown,SF,S,1348952.0
Tank Bigsby,PHI,RB,1348229.0
Kobie Turner,LAR,DL/DT,1347869.0
DeMarvion Overshown,DAL,LB,1347507.0
Jelani Woods,NYJ,TE,1343118.0
Wanya Morris,KC,T,1342089.0
Andrew DePaola,MIN,LS,1341667.0
Darnell Washington,PIT,TE,1338477.0
Ben Bartch,SF,G,1337500.0
Andrew Beck,NYJ,FB/TE,1337500.0
K.J. Britt,MIA,LB/ILB,1337500.0
A.J. Dillon,PHI,RB,1337500.0
Victor Dimukeje,NYG,ED/OLB,1337500.0
Demetrius Flannigan-Fowles,NYG,LB/ILB,1337500.0
Neville Gallimore,IND,DL/DT,1337500.0
Willie Gay Jr.,MIA,LB/OLB,1337500.0
Fred Johnson,PHI,RT,1337500.0
Alexander Mattison,MIA,RB,1337500.0
Jeremy McNichols,WAS,RB,1337500.0
Scotty Miller,PIT,WR,1337500.0
Chukwuma Okorafor,NYJ,RT,1337500.0
Dalton Risner,CIN,G,1337500.0
Miles Sanders,DAL,RB,1337500.0
Nick Scott,CAR,S,1337500.0
Aaron Stinnie,NYG,G,1337500.0
Kindle Vildor,TB,CB,1337500.0
Kenny Yeboah,DET,TE,1337500.0
Christian Harris,HOU,LB,1337062.0
Michael Wilson,ARI,WR,1334865.0
Jordan Battle,CIN,S,1331254.0
David Quessenberry,LAR,RT/G,1330000.0
Mekhi Blackmon,IND,CB,1326021.0
Tre Tucker,LV,WR,1326021.0
Blake Hance,TEN,G,1320000.0
Nick McCloud,CHI,CB,1320000.0
Bhayshul Tuten,JAX,RB,1319132.0
Cam Skattebo,NYG,RB,1318260.0
Craig Woodson,NE,S,1316611.0
Jack Kiser,JAX,LB,1314148.0
Dont'e Thornton Jr.,LV,WR,1312725.0
Deone Walker,BUF,DL/DT,1311760.0
Cordale Flott,NYG,CB,1310460.0
Arian Smith,NYJ,WR,1310413.0
Dane Jackson,BUF,CB,1310000.0
Ty Robinson,PHI,DL/DT,1308917.0
DeAngelo Malone,ATL,LB/ILB,1307396.0
Danny Stutsman,NO,LB,1307091.0
CJ West,SF,DL/DT,1302772.0
Trevor Etienne,CAR,RB,1302186.0
Cody Simon,ARI,LB/ILB,1301190.0
Nakobe Dean,PHI,LB/ILB,1301160.0
Woody Marks,HOU,RB,1300942.0
Jack Gibbens,NE,LB/ILB,1300000.0
Eric Saubert,SEA,TE,1300000.0
Jarquez Hunter,LAR,RB,1299695.0
Billy Bowman Jr.,ATL,S,1296538.0
Barrett Carter,CIN,LB,1295529.0
Joey Slye,TEN,K,1295000.0
Gunnar Helm,TEN,TE,1293227.0
David Walker,TB,ED/OLB,1290815.0
Malik Willis,GB,QB,1290025.0
Lathan Ransom,CAR,S,1289279.0
Jack Sawyer,PIT,ED/OLB,1287733.0
Shy Tuttle,WAS,DL/DT,1287500.0
Cam Thomas,CLE,ED/DE,1286084.0
Barryn Sorrell,GB,ED/DE,1285463.0
Jalen Tolbert,DAL,WR,1283930.0
Dylan Parham,LV,G,1282857.0
Kyle Kennard,LAC,ED/OLB,1282641.0
Dylan Sampson,CLE,RB,1282641.0
Rachaad White,TB,RB,1282500.0
Sean Rhyan,GB,C,1280714.0
Ugo Amadi,NO,S,1280000.0
Jaylin Lane,WAS,WR,1278463.0
Teddye Buchanan,BAL,LB/ILB,1275724.0
Malachi Moore,NYJ,S,1274535.0
Quincy Riley,NO,CB,1271809.0
Jacob Bobenmoyer,LV,LS,1271667.0
Kyle Allen,DET,QB,1270000.0
D'Wayne Eskridge,MIA,WR,1270000.0
Ruben Hyppolite II,CHI,LB,1269897.0
Ross Matiscik,JAX,LS,1267500.0
Jalen Royals,KC,WR,1266800.0
Nick Cross,IND,S,1266410.0
Que Robinson,DEN,ED/OLB,1263564.0
Leo Chenal,KC,LB,1261227.0
Brian Robinson,SF,RB,1261227.0
Ameer Abdullah,IND,RB,1255000.0
Jamal Adams,LV,S,1255000.0
Chidobe Awuzie,BAL,CB,1255000.0
Aaron Brewer,ARI,LS,1255000.0
Teddy Bridgewater,TB,QB,1255000.0
Pharaoh Brown,ARI,TE,1255000.0
Taven Bryan,BAL,DL/DT,1255000.0
Deon Bush,KC,S,1255000.0
Geron Christian,DEN,LT,1255000.0
Brandin Cooks,BUF,WR,1255000.0
Zach Cunningham,DET,LB/ILB,1255000.0
Michael Davis,NO,CB,1255000.0
Sheldon Day,WAS,DL/DT,1255000.0
Terrell Edmunds,LV,S,1255000.0
George Fant,WAS,RT,1255000.0
Dan Feeney,TB,C,1255000.0
Tre Flowers,PIT,CB,1255000.0
Eddie Goldman,WAS,DL/DT,1255000.0
C.J. Goodwin,DAL,CB,1255000.0
J.T. Gray,TB,S,1255000.0
Matt Haack,ARI,P,1255000.0
Antonio Hamilton,WAS,CB,1255000.0
Ronnie Harrison,ATL,S,1255000.0
Bobby Hart,LAC,G/T,1255000.0
Neville Hewitt,NYG,LB/ILB,1255000.0
Tanner Hudson,CIN,TE,1255000.0
Germain Ifedi,MIA,G,1255000.0
Tony Jefferson,LAC,SS/S,1255000.0
D’Ernest Johnson,NE,RB,1255000.0
Deion Jones,TB,LB/ILB,1255000.0
Christian Kuntz,PIT,LS,1255000.0
Corey Levin,TEN,C,1255000.0
Marcedes Lewis,DEN,TE,1255000.0
Tyler Lockett,LV,WR,1255000.0
Arthur Maulet,DET,CB,1255000.0
Jake McQuaide,LAR,LS,1255000.0
Jalen Mills,DET,CB/S,1255000.0
Chris Moore,WAS,WR,1255000.0
Fabian Moreau,MIN,CB,1255000.0
Thomas Morstead,SF,P,1255000.0
George Odum,IND,S,1255000.0
Ogbonnia Okoronkwo,PHI,ED/OLB,1255000.0
Mike Pennel,KC,DL/DT,1255000.0
Jabrill Peppers,PIT,S,1255000.0
Dante Pettis,NO,WR,1255000.0
Jordan Phillips,BUF,DL/DT,1255000.0
Jordan Poyer,BUF,S,1255000.0
Matt Prater,BUF,K,1255000.0
Philip Rivers,IND,QB,1255000.0
Asante Samuel Jr.,PIT,CB,1255000.0
Spencer Shrader,IND,K,1255000.0
Preston Smith,WAS,LB/OLB,1255000.0
Shaq Thompson,BUF,LB,1255000.0
Robert Tonyan Jr.,KC,TE,1255000.0
Laquon Treadwell,IND,WR,1255000.0
Ezekiel Turner,DET,LB/OLB,1255000.0
Brent Urban,BAL,DL/DE,1255000.0
Marquez Valdes-Scantling,PIT,WR,1255000.0
Nick Vannett,LAR,TE,1255000.0
Anthony Walker Jr.,TB,LB/ILB,1255000.0
Ahkello Witherspoon,LAR,CB,1255000.0
Cameron Sample,CIN,ED/DE,1225000.0
Ja'Tavion Sanders,CAR,TE,1223559.0
Troy Franklin,DEN,WR,1218709.0
Dadrion Taylor-Demerson,ARI,S,1216711.0
Elic Ayomanor,TEN,WR,1216454.0
Joshua Farmer,NE,DL/DT,1216454.0
Tonka Hemingway,LV,ED/DE,1216454.0
Jordan Watkins,SF,WR,1216454.0
Justin Eboigbe,LAC,DL/DT,1214753.0
Cedric Gray,TEN,LB,1213623.0
Theo Johnson,NYG,TE,1212859.0
Brandon Dorlus,ATL,DL/DE,1210599.0
Evan Williams,GB,S,1205720.0
Decamerion Richardson,LV,CB,1205254.0
Devontez Walker,BAL,WR,1204463.0
Erick All,CIN,TE,1203276.0
Jordan Jefferson,CIN,DL/DT,1200769.0
Jake Hummel,BAL,LB/ILB,1200000.0
Jaylon Jones,CHI,S,1200000.0
Tanor Bortolini,IND,C,1199968.0
Tyrice Knight,SEA,LB,1198140.0
Mason McCormick,PIT,G,1196224.0
Jaylen Wright,MIA,RB,1195005.0
Darnay Holmes,LV,CB,1195000.0
A.J. Barner,SEA,TE,1193777.0
Tre Brown,NYJ,CB,1192500.0
Kendrick Green,CLE,G,1192500.0
C.J. Henderson,ATL,CB,1192500.0
Tory Taylor,CHI,P,1191975.0
Malik Mustapha,SF,S,1189734.0
Cade Stover,HOU,TE,1189734.0
Bucky Irving,TB,RB,1187888.0
Giovanni Manu,DET,LT,1186414.0
Matt Hennessy,SF,C,1185000.0
Will Shipley,PHI,RB,1184241.0
Ray Davis,BUF,RB,1183297.0
Isaac Guerendo,SF,RB,1181132.0
T.J. Tampa,BAL,CB,1179614.0
Jared Wiley,KC,TE,1177155.0
Nick Saldiveri,NO,T,1170571.0
Hakeem Adeniji,DAL,LT,1170000.0
Salvon Ahmed,IND,RB,1170000.0
Zayne Anderson,GB,S,1170000.0
Joe Bachie,TEN,LB/ILB,1170000.0
Corey Ballentine,DAL,CB,1170000.0
Krys Barnes,CAR,LB/ILB,1170000.0
Daniel Brunskill,MIA,G,1170000.0
Harrison Bryant,HOU,TE,1170000.0
Myles Bryant,HOU,CB,1170000.0
Terrell Burgess,NO,S,1170000.0
Michael Carter,ARI,RB,1170000.0
Trystan Colon-Castillo,DET,G,1170000.0
Jake Curhan,CAR,RT,1170000.0
DeeJay Dallas,JAX,RB,1170000.0
Scott Daly,CHI,LS,1170000.0
Gabriel Davis,BUF,WR,1170000.0
Jalen Davis,CIN,CB,1170000.0
Josiah Deguara,ARI,TE,1170000.0
Matt Dickerson,JAX,DL/DT,1170000.0
Jack Driscoll,PIT,G,1170000.0
Devin Duvernay,CHI,WR,1170000.0
Mike Edwards,KC,S,1170000.0
Marcus Epps,PHI,S,1170000.0
Simi Fehoko,ARI,WR,1170000.0
Clelin Ferrell,SF,ED/DE,1170000.0
Anthony Firkser,DET,TE,1170000.0
Stone Forsythe,LV,RT,1170000.0
Sam Franklin,BUF,S,1170000.0
Chauncey Gardner-Johnson,CHI,S,1170000.0
Trevis Gipson,CAR,DL/DE,1170000.0
Zane Gonzalez,ATL,K,1170000.0
Khalil Herbert,NYJ,RB,1170000.0
Jalyn Holmes,WAS,ED/DE,1170000.0
Lil’jordan Humphrey,DEN,WR,1170000.0
Tyler Huntley,BAL,QB,1170000.0
Andre James,LAC,C,1170000.0
Caleb Johnson,MIA,LB/ILB,1170000.0
Tyler Johnson,NYJ,WR,1170000.0
Michael Jordan,TB,G,1170000.0
Khalid Kareem,ATL,ED/OLB,1170000.0
Chris Lammons,IND,CB,1170000.0
James Lynch,TEN,DL/DT,1170000.0
Gardner Minshew,KC,QB,1170000.0
Sam Mustipher,DEN,C,1170000.0
Matt Nelson,MIN,RT,1170000.0
Nick Niemann,GB,LB/ILB,1170000.0
Gunner Olszewski,NYG,WR,1170000.0
Donald Parham,PIT,TE,1170000.0
Riley Patterson,MIA,K,1170000.0
James Pierre,PIT,CB,1170000.0
Eddy Pineiro,SF,K,1170000.0
Adam Prentice,DEN,FB,1170000.0
James Proche,TEN,WR,1170000.0
Troy Reeder,LAR,LB/ILB,1170000.0
Curtis Robinson,SF,LB/OLB,1170000.0
Robert Rochell,CAR,CB,1170000.0
Brett Rypien,MIN,QB,1170000.0
Khalen Saunders,NYJ,DL/DT,1170000.0
Darnell Savage,BUF,S,1170000.0
Max Scharping,PIT,G,1170000.0
Isaiah Simmons,CAR,LB/ILB,1170000.0
Dan Skipper,DET,LT,1170000.0
Easton Stick,ATL,QB,1170000.0
Jack Stoll,NO,TE,1170000.0
Kentavius Street,ATL,DL/DT,1170000.0
Patrick Taylor,SF,RB,1170000.0
Trent Taylor,SF,WR,1170000.0
Brett Toth,PHI,G,1170000.0
Jay Tufele,NYJ,DL/DT,1170000.0
Olisaemeka Udoh,TEN,LT,1170000.0
Mykal Walker,NYJ,LB,1170000.0
K'Von Wallace,HOU,S,1170000.0
Kristian Welch,GB,LB/ILB,1170000.0
Devin White,LV,LB/ILB,1170000.0
Jonah Williams,NO,ED/OLB,1170000.0
Trayveon Williams,CLE,RB,1170000.0
Cedrick Wilson,MIA,WR,1170000.0
Mitch Wishnowsky,BUF,P,1170000.0
John Wolford,MIN,QB,1170000.0
Josh Woods,ATL,LB/ILB,1170000.0
Chris Wormley,IND,DL/DT,1170000.0
Rock Ya-Sin,DET,CB,1170000.0
Tyrion Ingram-Dawkins,MIN,DL/DE,1169344.0
Sione Vaki,DET,RB,1168386.0
Cam Jackson,CAR,DL/DT,1168289.0
Chad Muma,NE,LB/ILB,1167500.0
Carson Vinson,BAL,RT,1167399.0
Rylie Mills,SEA,DL/DT,1166875.0
Jakorian Bennett,PHI,CB,1165899.0
Kelee Ringo,PHI,CB,1165231.0
Jordan Phillips,MIA,DL/DT,1164576.0
Blake Freeland,IND,RT,1163970.0
Jake Andrews,HOU,C,1162086.0
Shedeur Sanders,CLE,QB,1161845.0
Mac McWilliams,PHI,CB,1161030.0
Anthony Bradford,SEA,G,1160996.0
Dylan Horton,HOU,ED/DE,1160259.0
Jordan James,SF,RB,1159921.0
Ty Hamilton,LAR,DL/DT,1159647.0
Adetomiwa Adebawore,IND,DL/DT,1159227.0
Dawand Jones,CLE,LT,1158083.0
Zach Carter,ARI,DL/DT,1157500.0
Britain Covey,PHI,WR,1157500.0
Jaydon Blue,DAL,RB,1156767.0
Jason Marshall Jr.,MIA,CB,1156323.0
DJ Giddens,IND,RB,1156186.0
Shemar James,DAL,LB,1155859.0
Jalen Rivers,CIN,G,1155245.0
Marcus Mbow,NYG,RT,1154596.0
Dante Trader Jr.,MIA,S,1153696.0
Jeffrey Bassa,KC,LB,1153413.0
Clark Phillips III,ATL,CB,1153382.0
Chandler Zavala,CAR,G,1152934.0
Elijah Roberts,TB,DL/DE,1152448.0
Roschon Johnson,CHI,RB,1152172.0
KeAndre Lambert-Smith,LAC,WR,1152001.0
Colby Wooden,GB,DL/DT,1151982.0
Collin Oliver,GB,ED/DE,1151021.0
Marques Sigle,SF,S,1150594.0
Quintin Morris,JAX,TE,1150000.0
Chazz Surratt,SEA,LB/ILB,1150000.0
Smael Mondon Jr.,PHI,LB,1148865.0
Francisco Mauigoa,NYJ,LB,1148632.0
Chamarri Conner,KC,CB,1147842.0
Mitchell Evans,CAR,TE,1147742.0
Yahya Black,PIT,DL/DT,1144959.0
Ventrell Miller,JAX,LB,1144234.0
Oronde Gadsden II,LAC,TE,1143509.0
Jon Gaines II,ARI,G,1143060.0
Tory Horton,SEA,WR,1141260.0
Jackson Slater,TEN,C,1140153.0
Tavius Robinson,BAL,ED/OLB,1140141.0
Drew Kendall,PHI,C,1138769.0
Derius Davis,LAC,WR,1137983.0
Isaiah McGuire,CLE,ED/DE,1137983.0
Braelon Allen,NYJ,RB,1137177.0
Jacob Cowing,SF,WR,1137177.0
Jaden Hicks,KC,S,1137177.0
Stetson Bennett,LAR,QB,1134785.0
Tyler Lacy,DET,DL/DT,1131781.0
Tyler Baron,NYJ,ED/DE,1130054.0
Denzel Burke,ARI,CB,1130054.0
Miles Frazier,DET,G,1130054.0
Zah Frazier,CHI,CB,1130054.0
Jordan Hancock,BUF,CB,1130054.0
Jackson Hawes,BUF,TE,1130054.0
Robbie Ouzts,SEA,TE,1130054.0
Charlie Jones,CIN,WR,1129694.0
Nick Herbig,PIT,ED/OLB,1128230.0
Cade Otton,TB,TE,1123486.0
Jay Ward,MIN,S,1123386.0
Dorian Strong,BUF,CB,1121339.0
Bilhal Kone,BAL,CB,1119286.0
Ollie Gordon II,MIA,RB,1118166.0
Coby Bryant,SEA,S,1116951.0
JJ Pegues,LV,DL/DT,1116785.0
Daniel Faalele,BAL,G,1115085.0
Andres Borregales,NE,K,1114121.0
Max Mitchell,NYJ,LT,1114006.0
Daniel Bellinger,NYG,TE,1113276.0
Marcus Harris,TEN,CB,1113254.0
Devin Neal,NO,RB,1112828.0
Will Howard,PIT,QB,1112025.0
Tyler Loop,BAL,K,1111193.0
Dane Belton,NYG,S,1111122.0
Jaylen Reed,HOU,S,1110950.0
Damarri Mathis,CAR,CB,1109741.0
Kalel Mullings,TEN,RB,1109627.0
Riley Leonard,IND,QB,1108811.0
Myles Hinton,PHI,T,1108316.0
Bryce Cabeldue,SEA,G,1108065.0
Tahj Brooks,CIN,RB,1107714.0
Jalen McLeod,JAX,LB/OLB,1107632.0
Luke Newman,CHI,G,1107515.0
Graham Mertz,HOU,QB,1107121.0
Warren Brinson,GB,DL/DT,1106596.0
Eyioma Uwazurike,DEN,DL/DE,1106467.0
Micheal Clemons,NYJ,ED/DE,1106024.0
Rayuan Lane III,JAX,S,1105544.0
Akayleb Evans,CAR,CB,1105269.0
Jalyn Armour-Davis,TEN,CB,1105082.0
Kobe King,NYJ,LB,1104767.0
Gavin Bartholomew,MIN,TE,1103956.0
LaJohntay Wester,BAL,WR,1103717.0
Ajani Cornelius,DAL,RT,1103494.0
Kain Medrano,WAS,LB,1102086.0
Chase Lundt,BUF,RT,1101231.0
Zamir White,LV,RB,1100983.0
Cameron Williams,PHI,RT,1100393.0
Brian Asamoah,CIN,LB/ILB,1100000.0
Tre Avery,CLE,S,1100000.0
Darrell Baker Jr.,TEN,CB,1100000.0
D’Anthony Bell,CAR,S,1100000.0
Quinton Bell,MIA,LB/OLB,1100000.0
Mike Brown,TEN,S,1100000.0
Treylon Burks,WAS,WR,1100000.0
Julius Chestnut,TEN,RB,1100000.0
Cole Christiansen,KC,LB/ILB,1100000.0
Greg Dulcich,MIA,TE,1100000.0
Kaiir Elam,TEN,CB,1100000.0
Joe Giles-Harris,CIN,LB/ILB,1100000.0
A.J. Green,MIA,CB,1100000.0
Darren Hall,ARI,CB,1100000.0
Kemon Hall,TEN,CB,1100000.0
Matt Henningsen,DEN,DL/DE,1100000.0
Isaiah Hodgins,NYG,WR,1100000.0
Brock Hoffman,DAL,C,1100000.0
Drake Jackson,WAS,ED/DE,1100000.0
Tarron Jackson,SF,LB/OLB,1100000.0
Tyree Jackson,WAS,TE,1100000.0
Jack Jones,MIA,CB,1100000.0
Jamarco Jones,DET,RT,1100000.0
Sam Kamara,CLE,DL/DT,1100000.0
Tom Kennedy,DET,WR,1100000.0
Thayer Munford Jr.,NE,RT,1100000.0
Xavier Newman-Johnson,NYJ,G,1100000.0
Lucas Niang,WAS,RT,1100000.0
Jacob Phillips,IND,LB/ILB,1100000.0
Dameon Pierce,KC,RB,1100000.0
Teagan Quitoriano,ATL,TE,1100000.0
Jon Rhattigan,LV,LB/ILB,1100000.0
Ronnie Rivers,LAR,RB,1100000.0
Sam Roberts,ATL,DL/DT,1100000.0
Janarius Robinson,KC,ED/DE,1100000.0
D'Angelo Ross,CLE,CB,1100000.0
Chris Rumph II,NO,ED/OLB,1100000.0
J.J. Russell,ARI,LB/ILB,1100000.0
David Sills,ATL,WR,1100000.0
Cole Strange,MIA,G,1100000.0
Keith Taylor,JAX,CB,1100000.0
Skylar Thompson,PIT,QB,1100000.0
Tyquan Thornton,KC,WR,1100000.0
Channing Tindall,ARI,LB/ILB,1100000.0
Garret Wallow,SF,LB/ILB,1100000.0
Sam Webb,CLE,CB,1100000.0
Nahshon Wright,CHI,CB,1100000.0
Shane Zylstra,DET,TE,1100000.0
Nehemiah Pritchett,SEA,CB,1099768.0
Tarheeb Still,LAC,CB,1098930.0
Jimmy Horn Jr.,CAR,WR,1098860.0
Jordan Magee,WAS,LB,1097807.0
Cam Hart,LAC,CB,1095982.0
Sedrick Van Pran-Granger,BUF,C,1093813.0
Hayden Conner,ARI,G,1093570.0
Jeremy Crawshaw,DEN,P,1093570.0
Robert Longerbeam,BAL,CB,1093570.0
R.J. Mickens,LAC,S,1093570.0
Aeneas Peebles,BAL,DL/DE,1093570.0
Anthony Gould,IND,WR,1093166.0
JD Bertrand,ATL,LB/ILB,1092506.0
Austin Booker,CHI,ED/DE,1092285.0
Kris Abrams-Draine,DEN,CB,1092068.0
Charlie Kolar,BAL,TE,1091221.0
Jarvis Brownlee Jr.,NYJ,CB,1090509.0
Jordan Stout,BAL,P,1089459.0
Tommy Eichenberg,LV,LB,1089428.0
Josh Newton,CIN,CB,1089319.0
Spencer Rattler,NO,QB,1089120.0
Jaylon Carlies,IND,S,1089060.0
Jay Toia,DAL,DL/DT,1088279.0
Jack Nelson,ATL,RT,1088154.0
Hassan Haskins,LAC,RB,1088055.0
Andre Baccellia,ARI,WR,1087500.0
Jarrick Bernard-Converse,NYG,CB,1087500.0
Jalen Brooks,ARI,WR,1087500.0
Malik Davis,DAL,RB,1087500.0
Cory Durden,NE,DL/DT,1087500.0
Xavier Gipson,NYG,WR,1087500.0
James Houston,DAL,ED/DE,1087500.0
Kingsley Jonathan,NYJ,ED/DE,1087500.0
Mason Kinsey,TEN,WR,1087500.0
Raheem Layne,NYG,S,1087500.0
Atonio Mafi,LV,G,1087500.0
Brodric Martin,LV,DL/DT,1087500.0
Zacch Pickens,KC,DL/DT,1087500.0
Jordon Riley,GB,DL/DT,1087500.0
Jammie Robinson,ATL,S,1087500.0
Clayton Tune,GB,QB,1087500.0
Thomas Fidone II,NYG,TE,1087379.0
Aidan O'Connell,LV,QB,1087345.0
Brennan Jackson,LV,LB/OLB,1087342.0
Jeremiah Trotter Jr.,PHI,LB,1087117.0
Marcus Bryant,NE,RT,1087082.0
Jonah Monheim,JAX,C,1086077.0
Chau Smith-Wade,CAR,CB,1085996.0
Romeo Doubs,GB,WR,1085979.0
Cody Lindenberg,LV,LB,1085292.0
Kyonte Hamilton,HOU,DL/DT,1084582.0
Kitan Crawford,ARI,S,1084473.0
Carson Bruener,PIT,LB,1084235.0
Kurtis Rourke,SF,QB,1083559.0
Brashard Smith,KC,RB,1083369.0
Donte Kent,PIT,CB,1083363.0
Dan Jackson,DET,S,1082906.0
Quinn Ewers,MIA,QB,1082894.0
Hunter Wohler,IND,S,1082767.0
Christian Jones,ARI,T,1082614.0
Kyle Monangai,CHI,RB,1082035.0
Joshua Williams,KC,CB,1081565.0
Mason Richman,SEA,G,1081481.0
Tez Johnson,TB,WR,1080985.0
Hunter Nourzad,KC,C,1080458.0
Jacob Monk,GB,C,1080404.0
LeQuint Allen,JAX,RB,1079689.0
Phil Mafah,DAL,RB,1077883.0
Rasheen Ali,BAL,RB,1077467.0
Konata Mumpfield,LAR,WR,1077134.0
Dominic Lovett,DET,WR,1076693.0
Tyrone Tracy,NYG,RB,1076588.0
Jacory Croskey-Merritt,WAS,RB,1076357.0
Julian Ashby,NE,LS,1075418.0
Zeek Biggers,MIA,DL/DT,1075418.0
Trikweze Bridges,DAL,CB,1075418.0
Connor Colby,SF,G,1075418.0
John Williams,GB,G,1075418.0
Caelen Carson,DAL,CB,1068569.0
Isaiah Davis,NYJ,RB,1068569.0
Jaylan Ford,NO,LB,1068569.0
Trevor Keegan,DAL,G,1068569.0
Bub Means,NO,WR,1068569.0
Kitan Oladapo,GB,S,1068569.0
Javon Solomon,BUF,ED/DE,1068569.0
Qwan'tez Stiggers,NYJ,CB,1068569.0
Deven Thompkins,ATL,WR,1067500.0
Walter Rouse,MIN,RT,1061648.0
Logan Lee,PIT,DL/DT,1060018.0
Marcellas Dial,NE,CB,1058032.0
Darius Muasau,NYG,LB,1055228.0
Ben VanSumeren,PHI,FB,1055000.0
Malik Washington,MIA,WR,1054890.0
Johnny Wilson,PHI,WR,1054252.0
Casey Washington,ATL,WR,1053399.0
Ronnie Bell,NO,WR,1052500.0
Samori Toure,NO,WR,1052500.0
Jamal Hill,HOU,LB,1052348.0
Mekhi Wingo,DET,DL/DT,1051700.0
Yasir Abdullah,JAX,LB/OLB,1051304.0
Joe Milton III,DAL,QB,1050829.0
Tyler Davis,LAR,DL/DT,1050638.0
Fadil Diggs,NO,ED/OLB,1050000.0
Bradyn Swinson,NE,ED/OLB,1050000.0
Khristian Boyd,NO,DL/DT,1049707.0
Travis Glover,GB,T,1047845.0
Will Reichard,MIN,K,1047655.0
Tylan Grable,BUF,LT,1047478.0
Nick Gargiulo,DEN,G,1046500.0
Michael Jerrell,ATL,T,1045015.0
Dylan Laube,LV,RB,1043798.0
Mike Morris,SEA,DL/DE,1043019.0
Tristin McCollum,LV,CB,1042500.0
Jordan Howden,NO,S,1041682.0
Noah Sewell,CHI,LB/OLB,1041237.0
Calvin Austin,PIT,WR,1041085.0
Decobie Durant,LAR,CB,1041085.0
Isaiah Likely,BAL,TE,1041085.0
Chig Okonkwo,TEN,TE,1041085.0
Colby Sorsdal,DET,T,1040021.0
Cedric Johnson,CIN,ED/DE,1039597.0
Elijah Klein,TB,G,1039597.0
Beaux Limmer,LAR,C,1039597.0
Cam Little,JAX,K,1039597.0
Christian Mahogany,DET,G,1039597.0
Jordan Whittington,LAR,WR,1039597.0
SirVocea Dennis,TB,LB,1039331.0
Olu Oluwatimi,SEA,C,1039114.0
Darrell Luter Jr.,SF,CB,1038378.0
Daniel Scott,IND,S,1036959.0
Dontayvion Wicks,GB,WR,1035637.0
Antonio Johnson,JAX,S,1035458.0
Javontae Jean-Baptiste,WAS,ED/DE,1035297.0
Austin Deculus,LAC,LT,1035000.0
Daijahn Anthony,CIN,S,1034446.0
Will Mallory,IND,TE,1032648.0
Myles Harden,CLE,CB,1032583.0
Michael Jurgens,MIN,C,1032185.0
Chase Brown,CIN,RB,1031539.0
Levi Drake Rodriguez,MIN,DL/DT,1031497.0
Nathan Thomas,DAL,LT,1031493.0
Jonah Laulu,LV,DL/DT,1031130.0
Devaughn Vele,NO,WR,1031120.0
Matt Lee,CIN,C,1030438.0
Alec Anderson,BUF,G,1030000.0
Alex Austin,NE,CB,1030000.0
Alex Bachman,LV,WR,1030000.0
Zaire Barnes,NYG,ED/OLB,1030000.0
Robert Beal Jr.,SF,ED/DE,1030000.0
Christian Braswell,JAX,CB,1030000.0
Shane Buechele,KC,QB,1030000.0
Yodny Cajuste,MIA,LT,1030000.0
Mike Caliendo,KC,G,1030000.0
Irvin Charles,NYJ,WR,1030000.0
Tommy DeVito,NE,QB,1030000.0
Yasir Durant,NE,T,1030000.0
Jonathan Ford,GB,DL/DT,1030000.0
Isaiah Foskey,CIN,LB/OLB,1030000.0
Tomon Fox,NYG,ED/OLB,1030000.0
Elijah Garcia,ATL,DL/DE,1030000.0
Tyler Goodson,IND,RB,1030000.0
Jovaughn Gwyn,ATL,C,1030000.0
Daniel Hardy,CHI,ED/DE,1030000.0
Hendon Hooker,NYJ,QB,1030000.0
Thomas Incoom,CAR,ED/OLB,1030000.0
Keaontay Ingram,KC,RB,1030000.0
Buddy Johnson,IND,LB/OLB,1030000.0
Derion Kendrick,LAR,CB,1030000.0
Zonovan Knight,ARI,RB,1030000.0
Lucas Krull,DEN,TE,1030000.0
Chase Lucas,SF,CB,1030000.0
Phidarian Mathis,BUF,DL/DT,1030000.0
Ryan McCollum,PIT,C,1030000.0
Jordan McFadden,CHI,G,1030000.0
Ja’Quan McMillian,DEN,CB,1030000.0
Bo Melton,GB,CB,1030000.0
Cameron Mitchell,IND,CB,1030000.0
James Mitchell,CAR,TE,1030000.0
DJ Montgomery,IND,WR,1030000.0
Jake Moody,WAS,K,1030000.0
Jeremiah Moon,PIT,ED/OLB,1030000.0
Arron Mosby,GB,ED/DE,1030000.0
Caleb Murphy,NYG,ED/OLB,1030000.0
Trevor Nowaske,DET,LB/OLB,1030000.0
Patrick O'Connell,SEA,LB/ILB,1030000.0
Ty Okada,SEA,S,1030000.0
Sam Okuayinonu,SF,ED/DE,1030000.0
Segun Olubi,IND,LB/ILB,1030000.0
Esezi Otomewo,PIT,DL/DE,1030000.0
Jaret Patterson,LAC,RB,1030000.0
LaBryan Ray,CAR,DL/DE,1030000.0
Jerrick Reed II,TEN,S,1030000.0
Chris Rodriguez Jr.,WAS,RB,1030000.0
Brady Russell,SEA,TE,1030000.0
Lecitus Smith,GB,G,1030000.0
Juanyeh Thomas,DAL,S,1030000.0
Keir Thomas,LAR,ED/OLB,1030000.0
Jake Tonges,SF,TE,1030000.0
Ryan Van Demark,BUF,LT,1030000.0
Travis Vokolek,ARI,TE,1030000.0
Tyrus Wheat,DET,ED/DE,1030000.0
Cody White,SEA,WR,1030000.0
Blake Whiteheart,CLE,TE,1030000.0
Josh Whyle,GB,TE,1030000.0
Emanuel Wilson,GB,RB,1030000.0
Jalen Travis,IND,RT,1029318.0
Terell Smith,CHI,CB,1028971.0
James Williams,TEN,LB/ILB,1027373.0
Devin Culp,TB,TE,1026546.0
Tahj Washington,MIA,WR,1026109.0
Tatum Bethune,SF,LB,1025452.0
Jaylen Harrell,TEN,ED/OLB,1025184.0
KT Leveston,CLE,G,1025184.0
Darian Kinnard,GB,RT,1022500.0
Davis Allen,LAR,TE,1021244.0
Payne Durham,TB,TE,1021244.0
Eric Gray,NYG,RB,1021244.0
Warren McClendon Jr.,LAR,RT,1021244.0
Puka Nacua,LAR,WR,1021244.0
Owen Pappoe,ARI,LB,1021244.0
Asim Richards,NO,RT,1021244.0
Christopher Smith II,NYJ,S,1021244.0
Henry To'oTo'o,HOU,LB,1021244.0
Tyrell Shavers,BUF,WR,1021000.0
Chigozie Anusiem,LV,CB,1017500.0
Kevin Austin,NO,WR,1017500.0
Shemar Bartholomew,GB,CB,1017500.0
Kendell Brooks,TEN,S,1017500.0
Elijah Chatman,NYG,DL/DT,1017500.0
Dylan Cook,PIT,TE,1017500.0
Audric Estimé,NO,RB,1017500.0
Ryan Flournoy,DAL,WR,1017500.0
Ali Gaye,TEN,ED/OLB,1017500.0
Julian Good-Jones,WAS,G,1017500.0
C.J. Hanson,KC,G,1017500.0
Sam Hartman,WAS,QB,1017500.0
Shedrick Jackson,LV,WR,1017500.0
Sanoussi Kane,TEN,S,1017500.0
Dwight McGlothern,MIN,CB,1017500.0
Dante Miller,NYG,RB,1017500.0
Maema Njongmeta,CAR,ED/OLB,1017500.0
Ryan Rehkow,CIN,P,1017500.0
Nick Samac,CAR,C,1017500.0
Jaylin Simpson,GB,S,1017500.0
Keidron Smith,NYJ,S,1017500.0
Tyreke Smith,KC,LB/OLB,1017500.0
Taki Taimani,MIN,DL/DT,1017500.0
Edefuan Ulofoshio,CLE,LB,1017500.0
Eric Watts,NYJ,ED/DE,1017500.0
Isaiah Williams,NYJ,WR,1017500.0
Perrion Winfrey,DAL,DL/DT,1017500.0
Karl Brooks,GB,DL/DT,1013007.0
Kei'Trel Clark,ARI,CB,1012153.0
Josh Hayes,TB,S,1011093.0
Tre Tomlinson,SF,CB,1009963.0
JL Skinner,DEN,S,1009055.0
Parker Washington,JAX,WR,1008066.0
Kayshon Boutte,NE,WR,1006818.0
Benjamin Chukwuma,TB,RT,1006667.0
Tanner McKee,PHI,QB,1006630.0
Isaiah Bond,CLE,WR,1006000.0
Sam Howell,PHI,QB,1005400.0
Luke Wypler,CLE,C,1004993.0
Trey Palmer,NO,WR,1004823.0
Bryce Baringer,NE,P,1004614.0
Elijah Higgins,ARI,TE,1003971.0
Micah McFadden,NYG,LB,1003927.0
D.J. Davidson,NYG,DL/DT,1003529.0
Scott Matlock,LAC,FB,1003074.0
Jarrett Patterson,HOU,C,1002493.0
Valentin Senn,ARI,G,1001667.0
Xavier Hutchinson,HOU,WR,1000926.0
Beaux Collins,NYG,WR,1000333.0
Josh Fryar,ARI,RT,1000000.0
Andrei Iosivas,CIN,WR,999846.0
Tyler Allgeier,ATL,RB,998474.0
Jake Briningstool,KC,TE,998333.0
Johnathan Edwards,IND,S,998333.0
Da'Quan Felton,NYG,WR,998333.0
Eric Gregory,NE,DL/DT,998333.0
Willie Lampkin,PHI,G,998333.0
Connor O'Toole,SEA,ED/OLB,998333.0
J.J. Roberts,TB,S,998333.0
Tariq Woolen,SEA,CB,998054.0
Tyler Batty,MIN,ED/OLB,996667.0
Efton Chism III,NE,WR,996667.0
Shaun Dolac,LAR,LB,996667.0
Nick Kallerup,SEA,TE,996667.0
Lan Larison,NE,RB,996667.0
Wande Owens,BUF,S,996667.0
Torriccelli Simpkins III,NO,G,996667.0
Eric Johnson,IND,DL/DT,995185.0
Chaz Chambliss,MIN,ED/OLB,995000.0
Jay Higgins,BAL,LB/ILB,995000.0
Adin Huntington,CLE,DL/DT,995000.0
Drew Moss,TEN,G,995000.0
Jakob Robinson,SF,CB,995000.0
Eric Rogers,LAC,CB,995000.0
Danny Striggow,JAX,ED/DE,995000.0
Xavier Truss,NO,G,995000.0
Jahdae Walker,CHI,WR,995000.0
Johnny Walker,DEN,DL/DE,995000.0
Ben Yurosek,MIN,TE,995000.0
Otito Ogbonnia,LAC,DL/DT,994720.0
D'Marco Jackson,CHI,LB/ILB,994229.0
Dante Stills,ARI,ED/DE,993334.0
Dee Winters,SF,LB,993334.0
Nate Carter,ATL,RB,993333.0
Jalin Conyers,MIA,TE,993333.0
Darius Cooper,PHI,WR,993333.0
Demario Douglas,NE,WR,993333.0
Ryan Fitzgerald,CAR,K,993333.0
Brandon George,KC,LB,993333.0
Jared Ivey,SEA,DL/DE,993333.0
Austin Keys,ARI,LB,993333.0
Brock Lampe,NE,FB,993333.0
Bam Martin-Scott,CAR,LB/ILB,993333.0
Justin Osborne,CLE,C,993333.0
Elijah Ponder,NE,ED/OLB,993333.0
Nikko Reed,LAC,CB,993333.0
Karene Reid,DEN,LB,993333.0
Nazir Stackhouse,GB,DL/DT,993333.0
Savion Washington,LAC,T,993333.0
Austin Brinkman,HOU,LS,991667.0
Max Brosmer,MIN,QB,991667.0
Zeke Correll,MIN,C,991667.0
Josh Fuga,LAC,DL/DT,991667.0
Gus Hartwig,NYJ,C,991667.0
Joe Huber,MIN,G,991667.0
Ale Kaho,WAS,LB,991667.0
Easton Mascarenas-Arnold,CLE,LB,991667.0
Donovan McMillon,CLE,S,991667.0
Jordan Oladokun,LAC,CB,991667.0
Corey Thornton,CAR,CB,991667.0
Malik Verdon,ATL,LB,991667.0
William Wagner,CIN,LS,991667.0
Tycen Anderson,CIN,S,991521.0
Jake Bates,DET,K,990000.0
Dorian Mausi,TEN,LB,990000.0
Kye Robichaux,DET,RB,990000.0
Raheim Sanders,CLE,RB,990000.0
Braxton Jones,CHI,LT,989888.0
Ty Chandler,MIN,RB,989710.0
Marlowe Wax,LAC,LB,989333.0
B.J. Green,JAX,ED/DE,989167.0
T.J. Moore,NYG,S,988667.0
Jaylon Jones,IND,CB,988370.0
Justin Barron,DAL,LB,988333.0
Donovan Edwards,MIA,RB,988333.0
Deion Hankins,CHI,RB,988333.0
Marquis Hayes,NYJ,G,988333.0
Keleki Latu,BUF,TE,988333.0
Kohl Levao,NYJ,G,988333.0
Reuben Lowery III,IND,CB,988333.0
Keyon Martin,BAL,S,988333.0
Cooper McDonald,KC,LB/OLB,988333.0
Payton Page,NYJ,DL/DT,988333.0
Myles Price,MIN,WR,988333.0
Quentin Skinner,NYJ,WR,988333.0
Jaden Smith,TB,WR,988333.0
Charlie Smyth,NO,K,988333.0
Jordan Turner,DEN,ED/OLB,988333.0
Treyton Welch,NO,TE,988333.0
Elijah Williams,MIN,DL/DE,988333.0
Ethan Evans,LAR,P,987001.0
DeMarcco Hellams,ATL,S,986575.0
Cooper Hodges,JAX,T,986372.0
Andrew Vorhees,BAL,G,985528.0
Carrington Valentine,GB,CB,985176.0
Corliss Waitman,PIT,P,985000.0
Dominique Robinson,CHI,ED/DE,983289.0
Kenny McIntosh,SEA,RB,982713.0
Cory Trice Jr.,PIT,CB,981109.0
Anthony Johnson Jr.,NYG,CB,980941.0
D.J. Ivey,CIN,CB,980163.0
Cam Grandy,CIN,TE,980000.0
Moro Ojomo,PHI,DL/DT,979446.0
Spencer Anderson,PIT,G,979444.0
Alex Forsyth,DEN,C,979444.0
Desjuan Johnson,LAR,DL/DT,979444.0
Ja'Marcus Ingram,HOU,CB,976250.0
Damone Clark,HOU,LB,975638.0
Kingsley Enagbare,GB,ED/DE,975638.0
John Ridgeway,NO,DL/DT,975638.0
Ethan Bonner,MIA,CB,972500.0
Jake Browning,CIN,QB,972500.0
Kyu Blu Kelly,LV,CB,972500.0
Chad Ryland,ARI,K,972500.0
Sebastian Castro,PIT,S,967500.0
Vederian Lowe,NE,LT,964468.0
Josh Wallace,LAR,CB,963333.0
Malcolm Rodríguez,DET,LB/OLB,961980.0
Jalen Nailor,MIN,WR,960165.0
Matt Araiza,KC,P,960000.0
Brenden Bates,CLE,TE,960000.0
Malachi Corley,CLE,WR,960000.0
Jordan Jackson,DEN,DL/DE,960000.0
Nic Jones,NYG,CB,960000.0
Joshua Karty,ARI,K,960000.0
Anthony Kendall,CLE,CB,960000.0
Devon Key,DEN,S,960000.0
Jarrett Kingston,HOU,G,960000.0
LaCale London,ATL,DL/DT,960000.0
P.J. Mustipher,ARI,DL/DT,960000.0
Austen Pleasants,SF,RT,960000.0
Deneric Prince,NE,RB,960000.0
Winston Reid,CLE,LB/OLB,960000.0
Eric Scott Jr.,KC,CB,960000.0
Charles Snowden,LV,ED/DE,960000.0
Luke Tenuta,IND,LT,960000.0
Jamari Thrash,CLE,WR,960000.0
Dondrea Tillman,DEN,ED/OLB,960000.0
Mitchell Tinsley,CIN,WR,960000.0
Kimani Vidal,LAC,RB,960000.0
Kendall Williamson,LAC,S,960000.0
Charles Woods,NE,CB,960000.0
Andrew Ogletree,IND,TE,959547.0
Jamaree Salyer,LAC,G,958982.0
Grant Calcaterra,PHI,TE,958536.0
Ethan Driskell,KC,T,956667.0
Dalton Tucker,IND,G,956667.0
Connor Heyward,PIT,TE,953806.0
Xavier Weaver,ARI,WR,953333.0
Beau Brade,NYG,S,951667.0
Frank Crum,DEN,RT,951667.0
Storm Duck,MIA,CB,950000.0
Braiden McGregor,NYJ,ED/DE,950000.0
Brevyn Spann-Ford,DAL,TE,950000.0
Popo Aumavae,CAR,DL/DE,948333.0
British Brooks,HOU,RB,948333.0
Jaylen McCollough,LAR,S,948333.0
Andrew Meyer,MIA,C,948333.0
Rico Payton,NYG,CB,948333.0
Kalia Davis,SF,DL/DT,948004.0
Ko Kieft,TB,TE,948004.0
Ja'Sir Taylor,NYJ,CB,948003.0
Alijah Huzzie,HOU,CB,947500.0
Thomas Harper,DET,S,946667.0
Kameron Johnson,TB,WR,946667.0
Mason Tipton,NO,WR,946667.0
Colson Yankoff,WAS,TE,946667.0
Dell Pettus,NE,S,946333.0
Omar Speights,LAR,LB,946333.0
David Martin-Robinson,TEN,TE,945833.0
Christian Roland-Wallace,KC,S,945000.0
Joe Andreessen,BUF,LB,944167.0
Montaric Brown,JAX,CB,943995.0
Hogan Hatten,DET,LS,943667.0
Demontrey Jacobs,ARI,LT,943333.0
Tyler Owens,WAS,S,943333.0
Chris Paul,WAS,G,941111.0
Dareke Young,SEA,WR,940275.0
Deane Leonard,LAC,CB,939916.0
Rodney Thomas,IND,S,938846.0
Nikko Remigio,KC,WR,937500.0
Jaylen Watson,KC,CB,936343.0
Rasheed Walker,GB,LT,935218.0
Isiah Pacheco,KC,RB,934777.0
Elijah Hicks,CHI,CB,934252.0
Johnathan Baldwin,GB,S,922500.0
Theo Benedet,CHI,LT,922500.0
Korie Black,NYG,CB,922500.0
Cobee Bryant,ATL,CB,922500.0
Jeremiah Byers,CLE,T,922500.0
Henry Byrd,MIN,G,922500.0
Dalen Cambre,NYG,WR,922500.0
Ajani Carter,HOU,CB,922500.0
Alijah Clark,DAL,S,922500.0
Dean Clark,NYJ,S,922500.0
Jordan Clark,NYJ,CB,922500.0
Jordan Colbert,MIA,S,922500.0
Branson Combs,JAX,LB,922500.0
Brady Cook,NYJ,QB,922500.0
Brandon Crenshaw-Dickson,TEN,RT,922500.0
C.J. Dippre,NE,TE,922500.0
Ethan Downs,KC,ED/DE,922500.0
Dylan Drummond,ATL,WR,922500.0
Chris Edmonds,CLE,S,922500.0
Kingsley Eguakun,CLE,C,922500.0
Rivaldo Fairweather,ARI,TE,922500.0
Chukwuebuka Godrick,KC,T,922500.0
Luke Haggard,TB,G,922500.0
Erick Hallett,TEN,S,922500.0
Jared Harrison-Hunte,CAR,DL/DE,922500.0
Jahfari Harvey,LV,ED/DE,922500.0
Cam Horsley,TEN,DL/DT,922500.0
Bryan Hudson,NYG,C,922500.0
Keondre Jackson,BAL,S,922500.0
Isaiah Johnson,MIA,CB,922500.0
Dom Jones,CLE,CB,922500.0
Truman Jones,TEN,ED/OLB,922500.0
Jawhar Jordan,HOU,RB,922500.0
Jakobie Keeney-James,GB,WR,922500.0
Amari Kight,SEA,T,922500.0
Corey Kiner,ARI,RB,922500.0
Kalen King,ARI,CB,922500.0
Kevin Knowles,KC,CB,922500.0
Gage Larvadain,CLE,WR,922500.0
Cameron Latu,PHI,TE,922500.0
Jason Maitre,MIA,CB,922500.0
Moliki Matavao,NO,TE,922500.0
Austin McNamara,NYJ,P,922500.0
Cam Miller,MIA,QB,922500.0
Kobee Minor,NE,S,922500.0
Chris Oladokun,KC,QB,922500.0
Tejhaun Palmer,ARI,WR,922500.0
Esa Pole,KC,T,922500.0
Ethan Robinson,MIA,CB,922500.0
Micah Robinson,TEN,S,922500.0
Carter Runyon,LV,TE,922500.0
Ben Sauls,NYG,K,922500.0
Will Sherman,NO,G,922500.0
Elijah Simmons,TB,DL/DT,922500.0
Kedon Slovis,ARI,QB,922500.0
Melvin Smith Jr.,KC,CB,922500.0
Reese Taylor,DEN,CB,922500.0
Greedy Vance Jr.,LV,CB,922500.0
Zemaiah Vaughn,MIN,CB,922500.0
Theo Wease Jr.,MIA,WR,922500.0
Ke’Shawn Williams,CIN,WR,922500.0
Jack Wilson,IND,T,922500.0
Rashad Wisdom,TB,S,922500.0
Jackson Woodard,MIA,LB,922500.0
Thomas Booker,LV,DL/DT,915000.0
Chris Brooks,GB,RB,915000.0
Tucker Fisk,LAC,TE,915000.0
Brandon Pili,SEA,DL/DT,915000.0
Jaquelin Roy,NE,DL/DT,915000.0
Mohamoud Diabate,CLE,LB,906667.0
Bryce Ford-Wheaton,NYG,WR,905000.0
Ronnie Hickman,CLE,S,905000.0
Ivan Pace,MIN,LB,905000.0
Alex Palczewski,DEN,G,905000.0
Starling Thomas V,ARI,CB,905000.0
Keaton Mitchell,BAL,RB,904333.0
Emari Demercado,ARI,RB,903333.0
Cam Jones,NYJ,LB,903333.0
Jaleel McLaughlin,DEN,RB,903333.0
Drake Thomas,SEA,LB,903333.0
Julian Hill,MIA,TE,902500.0
Nate Adkins,DEN,TE,901667.0
T.J. Bass,DAL,G,901667.0
Jake Bobo,SEA,WR,901667.0
Christian Izien,TB,S,901667.0
Ben Sims,MIN,TE,901667.0
Brenton Cox Jr.,GB,ED/DE,901333.0
Malik Heath,ATL,WR,901333.0
Jordan Meredith,LV,C,901333.0
Chris Stoll,SEA,LS,900500.0
Claudin Cherelus,CAR,LB/ILB,900000.0
Brandon Aubrey,DAL,K,898333.0
Sean Tucker,TB,RB,898333.0
Markees Watts,TB,ED/OLB,898333.0
A.J. Finley,SEA,S,882500.0
Tyler Badie,DEN,RB,877500.0
Jowon Briggs,NYJ,DL/DT,877500.0
Natrone Brooks,ATL,CB,877500.0
Josh Butler,DAL,S,877500.0
Jalen Coker,CAR,WR,877500.0
Evan Deckers,TB,LS,877500.0
Justin Dedich,LAR,G,877500.0
Art Green,NYG,CB,877500.0
Shaka Heyward,CIN,LB/OLB,877500.0
George Holani,SEA,RB,877500.0
Terrell Jennings,NE,RB,877500.0
Marcelino McCrary-Ball,NYJ,LB/OLB,877500.0
Ryan Miller,NYG,WR,877500.0
Jarius Monroe,NYJ,CB,877500.0
Bryce Oliver,TEN,WR,877500.0
Anfernee Orji,TEN,LB,877500.0
Jalen Redmond,MIN,DL/DE,877500.0
Demani Richardson,CAR,S,877500.0
Bo Richter,MIN,ED/OLB,877500.0
Xavier Smith,LAR,WR,877500.0
Isaiah Stalbird,NO,LB/ILB,877500.0
Rex Sunahara,CLE,LS,877500.0
Nathaniel Watson,CLE,LB/OLB,877500.0
Rejzohn Wright,NO,CB,877500.0
Austin Ajiake,IND,LB/ILB,840000.0
Connor Bazelak,TB,QB,840000.0
Corey Bullock,BAL,C,840000.0
Joshua Cephus,JAX,WR,840000.0
Obinna Eze,MIA,T,840000.0
Kamal Hadden,GB,CB,840000.0
Isaiah Iton,NE,DL/DE,840000.0
Donovan Jennings,GB,G,840000.0
Emory Jones,ATL,QB,840000.0
Carl Jones Jr.,BAL,ED/OLB,840000.0
P.J. Jules,CIN,S,840000.0
Kai Kroeger,NO,P,840000.0
Harrison Mevis,LAR,K,840000.0
Zaire Mitchell-Paden,NO,TE,840000.0
Basil Okoye,BAL,DL/DT,840000.0
Mason Pline,NO,TE,840000.0
Will Putnam,LV,C,840000.0
C.J. Ravenell,TEN,DL/DE,840000.0
Jacob Saylors,DET,RB,840000.0
Zavier Scott,MIN,WR,840000.0
Jacob Slade,PIT,DL/DT,840000.0
Reddy Steward,DAL,CB,840000.0
Andre Szmyt,CLE,K,840000.0
Bryce Tremayne,CAR,WR,840000.0
Dayton Wade,BAL,WR,840000.0
Nick Whiteside,DET,CB,840000.0
Cameron Goode,MIA,LB/OLB,832500.0
Michael Niese,DET,C,795000.0
Evan Hull,NO,RB,697500.0
Jalen Sundell,SEA,C,585000.0
Mike Hilton,IND,CB,396000.0
Julian Okwara,CLE,ED/DE,396000.0
Darius Harris,NE,ED/OLB,360000.0
Shane Lemieux,SEA,G,315000.0
Craig Reynolds,NE,RB,315000.0
Kendall Sheffield,MIA,CB,315000.0
Delarrin Turner-Yell,DEN,S,315000.0
Tyrone Broden,SEA,WR,234000.0
Ja’Corey Brooks,WAS,WR,234000.0
McCallan Castles,GB,TE,234000.0
Luke Felix-Fualalo,PHI,T,234000.0
Ryan Hayes,ATL,LT,234000.0
Qadir Ismail,CHI,WR,234000.0
Jayson Jones,TB,DL/DE,234000.0
Jaxson Kirkland,CIN,G,234000.0
Chandler Martin,BAL,LB/ILB,234000.0
Tyler McLellan,TB,LT,234000.0
Thomas Odukoya,NE,TE,234000.0
Layne Pryor,HOU,TE,234000.0
Keilan Robinson,NYJ,RB,234000.0
Darius Rush,WAS,CB,234000.0
Ricky Stromberg,CHI,C,234000.0
Blake Watson,TEN,RB,234000.0
Joel Wilson,TEN,TE,234000.0
Jacardia Wright,SEA,RB,234000.0
